{"type": "FeatureCollection", "features": [{"type": "Feature", "properties": {"name": "01, Zone F", "zone": "F", "wardnum": "1"}, "geometry": {"type": "Polygon", "coordinates": [[[73.781405, 18.679748], [73.782034, 18.679713], [73.78259, 18.680316], [73.78332, 18.681101], [73.783688, 18.683537], [73.783841, 18.684521], [73.783965, 18.685213], [73.784164, 18.685817], [73.784591, 18.686341], [73.784688, 18.686429], [73.785178, 18.686565], [73.786739, 18.686608], [73.786837, 18.687219], [73.786929, 18.687684], [73.786985, 18.687874], [73.787373, 18.68829], [73.78753, 18.688982], [73.787669, 18.689622], [73.787764, 18.690115], [73.787734, 18.690259], [73.787629, 18.690496], [73.787472, 18.690937], [73.7874, 18.691169], [73.787381, 18.692026], [73.787505, 18.692645], [73.787639, 18.693456], [73.787017, 18.693521], [73.786652, 18.694236], [73.78657, 18.694661], [73.786215, 18.696143], [73.786448, 18.69727], [73.786734, 18.699079], [73.786113, 18.699308], [73.785647, 18.69936], [73.784812, 18.699628], [73.783488, 18.699802], [73.783703, 18.700336], [73.780134, 18.701131], [73.779013, 18.701383], [73.779127, 18.701833], [73.779283, 18.702834], [73.779358, 18.70301], [73.779918, 18.70557], [73.780287, 18.707155], [73.780202, 18.707274], [73.780512, 18.708802], [73.780808, 18.709905], [73.781106, 18.711466], [73.781361, 18.712199], [73.781642, 18.712878], [73.781761, 18.713212], [73.781878, 18.713466], [73.781965, 18.713749], [73.782324, 18.714727], [73.782602, 18.715303], [73.782813, 18.716161], [73.783265, 18.717648], [73.783548, 18.718114], [73.783841, 18.718533], [73.78379, 18.718954], [73.783657, 18.719257], [73.783566, 18.719716], [73.783374, 18.719831], [73.783082, 18.720217], [73.783211, 18.720331], [73.783414, 18.72041], [73.784048, 18.720651], [73.784466, 18.720961], [73.784928, 18.720921], [73.785045, 18.721132], [73.785708, 18.7211], [73.786479, 18.720966], [73.787374, 18.720837], [73.787252, 18.718672], [73.787225, 18.717032], [73.787605, 18.716285], [73.787881, 18.715847], [73.788354, 18.71511], [73.788945, 18.714651], [73.789604, 18.714034], [73.790264, 18.713482], [73.790752, 18.712893], [73.792901, 18.710728], [73.793464, 18.710314], [73.79434, 18.709334], [73.79437, 18.709285], [73.794943, 18.708822], [73.7955, 18.708354], [73.796191, 18.70763], [73.797173, 18.706258], [73.797563, 18.705759], [73.798296, 18.70485], [73.798822, 18.704049], [73.799311, 18.703431], [73.799346, 18.703414], [73.799904, 18.702815], [73.800386, 18.702525], [73.799295, 18.699878], [73.799062, 18.698419], [73.798839, 18.696331], [73.798596, 18.694085], [73.79823, 18.693331], [73.798115, 18.693165], [73.797789, 18.692637], [73.797903, 18.692369], [73.797691, 18.691974], [73.796927, 18.690933], [73.796203, 18.689804], [73.79562, 18.688937], [73.795214, 18.688309], [73.794834, 18.687723], [73.794445, 18.686771], [73.794385, 18.686612], [73.794124, 18.685924], [73.792565, 18.681734], [73.791725, 18.67952], [73.791256, 18.677967], [73.790576, 18.677966], [73.789697, 18.678055], [73.789125, 18.678167], [73.787918, 18.678352], [73.788007, 18.678111], [73.787759, 18.676933], [73.787416, 18.675305], [73.786769, 18.675381], [73.786481, 18.675431], [73.786381, 18.675389], [73.786266, 18.674917], [73.786205, 18.674742], [73.786093, 18.6747], [73.785913, 18.67474], [73.785748, 18.674783], [73.785311, 18.674895], [73.785094, 18.67497], [73.784002, 18.67518], [73.783355, 18.675281], [73.783043, 18.67534], [73.782145, 18.675508], [73.782133, 18.675442], [73.781974, 18.674549], [73.781874, 18.673985], [73.781788, 18.673497], [73.781745, 18.673302], [73.781242, 18.671103], [73.781093, 18.670447], [73.779965, 18.6712], [73.77857, 18.671812], [73.778155, 18.672037], [73.777551, 18.672362], [73.777347, 18.672449], [73.777508, 18.672717], [73.777725, 18.673794], [73.778012, 18.674992], [73.778321, 18.676403], [73.778474, 18.677096], [73.778573, 18.677547], [73.77881, 18.678522], [73.779671, 18.679341], [73.780093, 18.679717], [73.780183, 18.6798], [73.780355, 18.679771], [73.7805, 18.679769], [73.780869, 18.67976], [73.781405, 18.679748]]]}}, {"type": "Feature", "properties": {"name": "02, Zone F", "zone": "F", "wardnum": "2"}, "geometry": {"type": "Polygon", "coordinates": [[[73.78606, 18.667947], [73.785529, 18.668176], [73.784435, 18.668625], [73.783359, 18.669141], [73.78308, 18.669274], [73.78262, 18.669585], [73.781769, 18.670081], [73.781321, 18.670345], [73.781093, 18.670446], [73.781754, 18.673345], [73.781789, 18.6735], [73.782144, 18.675507], [73.783349, 18.675282], [73.783997, 18.675181], [73.785093, 18.674972], [73.785299, 18.674899], [73.785935, 18.674734], [73.786094, 18.6747], [73.786205, 18.674741], [73.786264, 18.674911], [73.786382, 18.675388], [73.78648, 18.675431], [73.786768, 18.675381], [73.787415, 18.675304], [73.788007, 18.678111], [73.787918, 18.678351], [73.789137, 18.678165], [73.789691, 18.678056], [73.790568, 18.677966], [73.791254, 18.677967], [73.790947, 18.676928], [73.793359, 18.676464], [73.794523, 18.67633], [73.795157, 18.676103], [73.795001, 18.675089], [73.795079, 18.675036], [73.794376, 18.671659], [73.794116, 18.670327], [73.793991, 18.669678], [73.793683, 18.669656], [73.793056, 18.669768], [73.792376, 18.669889], [73.791997, 18.669957], [73.791275, 18.670149], [73.791027, 18.670252], [73.790565, 18.670421], [73.789688, 18.670527], [73.789563, 18.670482], [73.789267, 18.669279], [73.789205, 18.669177], [73.788898, 18.669118], [73.788751, 18.669062], [73.788738, 18.669002], [73.788599, 18.668501], [73.788484, 18.668114], [73.788368, 18.667721], [73.788135, 18.666937], [73.788124, 18.666946], [73.787792, 18.667086], [73.787158, 18.667354], [73.786929, 18.667451], [73.786271, 18.66773], [73.786193, 18.667808], [73.78606, 18.667947]]]}}, {"type": "Feature", "properties": {"name": "03, Zone F", "zone": "F", "wardnum": "3"}, "geometry": {"type": "Polygon", "coordinates": [[[73.791096, 18.67744], [73.791256, 18.677965], [73.791725, 18.679519], [73.792663, 18.681996], [73.79409, 18.685835], [73.794439, 18.686756], [73.794836, 18.687724], [73.795634, 18.688958], [73.796178, 18.689767], [73.796923, 18.690927], [73.797695, 18.691979], [73.797911, 18.69238], [73.797785, 18.69262], [73.798223, 18.693306], [73.798608, 18.694083], [73.799051, 18.698223], [73.799293, 18.699871], [73.800386, 18.702525], [73.800606, 18.702394], [73.800797, 18.702167], [73.801794, 18.701908], [73.80186, 18.701627], [73.802494, 18.701497], [73.803299, 18.701403], [73.80384, 18.701533], [73.80467, 18.702122], [73.80528, 18.702443], [73.806564, 18.703496], [73.807795, 18.704019], [73.809213, 18.704361], [73.810102, 18.704433], [73.810684, 18.704277], [73.812108, 18.703768], [73.812318, 18.703324], [73.812641, 18.702608], [73.813193, 18.701926], [73.81357, 18.701868], [73.813917, 18.701506], [73.813871, 18.700216], [73.814126, 18.698636], [73.814475, 18.697337], [73.81454, 18.695878], [73.814307, 18.69408], [73.814077, 18.69273], [73.814049, 18.690971], [73.814375, 18.688908], [73.814828, 18.687706], [73.815412, 18.687012], [73.816059, 18.686328], [73.816217, 18.686252], [73.81572, 18.68537], [73.815413, 18.685008], [73.814795, 18.684462], [73.814526, 18.683877], [73.814353, 18.68362], [73.814173, 18.683453], [73.813961, 18.683183], [73.813666, 18.682829], [73.813492, 18.682586], [73.813298, 18.682453], [73.812937, 18.682241], [73.812742, 18.6821], [73.812057, 18.681396], [73.811539, 18.680747], [73.811123, 18.680312], [73.810751, 18.679694], [73.81047, 18.679346], [73.810128, 18.67907], [73.809925, 18.678935], [73.80974, 18.678849], [73.809513, 18.678771], [73.809294, 18.678622], [73.809169, 18.678463], [73.809075, 18.678268], [73.808966, 18.677946], [73.808866, 18.677626], [73.808755, 18.677487], [73.808541, 18.677433], [73.80822, 18.677417], [73.807901, 18.677353], [73.80775, 18.677222], [73.807612, 18.676881], [73.807503, 18.676415], [73.807444, 18.676252], [73.807292, 18.67606], [73.807152, 18.676036], [73.806847, 18.675959], [73.806658, 18.675913], [73.806302, 18.675762], [73.806058, 18.675661], [73.805577, 18.675315], [73.805428, 18.675207], [73.805158, 18.675], [73.80486, 18.674801], [73.804615, 18.67467], [73.804414, 18.674561], [73.804092, 18.674377], [73.803887, 18.674242], [73.803693, 18.674117], [73.803555, 18.674024], [73.803312, 18.673888], [73.80285, 18.673631], [73.802552, 18.673466], [73.802211, 18.673306], [73.80193, 18.673112], [73.801656, 18.672886], [73.801204, 18.672553], [73.800778, 18.672237], [73.800455, 18.671998], [73.799432, 18.671164], [73.798709, 18.670532], [73.798423, 18.670258], [73.796446, 18.670053], [73.796107, 18.670002], [73.795376, 18.669841], [73.794619, 18.669726], [73.793975, 18.669652], [73.795072, 18.675038], [73.795017, 18.675132], [73.795163, 18.6761], [73.794505, 18.676336], [73.793376, 18.676461], [73.790947, 18.676928], [73.791096, 18.67744]]]}}, {"type": "Feature", "properties": {"name": "04, Zone F", "zone": "F", "wardnum": "4"}, "geometry": {"type": "Polygon", "coordinates": [[[73.814114, 18.662967], [73.813328, 18.66234], [73.812836, 18.661565], [73.812122, 18.657633], [73.811661, 18.657765], [73.810206, 18.658199], [73.808217, 18.658788], [73.807357, 18.659006], [73.805907, 18.659276], [73.804237, 18.659945], [73.803049, 18.660806], [73.802587, 18.661065], [73.801567, 18.661642], [73.800563, 18.662269], [73.799964, 18.66265], [73.799157, 18.663006], [73.799043, 18.663054], [73.798463, 18.663278], [73.798305, 18.663303], [73.797966, 18.66342], [73.797678, 18.663512], [73.796898, 18.663745], [73.796633, 18.663862], [73.796556, 18.663889], [73.796422, 18.663937], [73.796235, 18.664026], [73.79598, 18.664089], [73.795568, 18.664234], [73.795347, 18.664305], [73.79524, 18.664334], [73.79508, 18.664374], [73.794935, 18.664409], [73.79391, 18.66466], [73.793741, 18.664705], [73.793356, 18.664738], [73.792391, 18.664813], [73.792267, 18.664833], [73.791667, 18.665027], [73.791291, 18.665144], [73.789262, 18.666174], [73.789127, 18.666262], [73.788553, 18.666653], [73.788135, 18.666935], [73.788613, 18.668549], [73.788754, 18.669062], [73.788909, 18.66912], [73.789207, 18.669179], [73.789268, 18.669281], [73.789563, 18.670482], [73.789689, 18.670527], [73.790562, 18.670421], [73.790971, 18.670274], [73.791287, 18.670145], [73.792004, 18.669955], [73.793687, 18.669656], [73.794027, 18.669655], [73.794519, 18.66971], [73.795125, 18.669794], [73.796333, 18.670046], [73.798112, 18.67022], [73.79843, 18.67026], [73.7987, 18.670524], [73.799451, 18.67118], [73.800448, 18.671993], [73.801661, 18.67289], [73.801922, 18.673105], [73.802204, 18.673302], [73.802558, 18.673469], [73.803166, 18.673805], [73.803553, 18.674023], [73.804098, 18.67438], [73.80439, 18.674549], [73.804861, 18.674802], [73.805152, 18.674996], [73.805444, 18.675219], [73.806056, 18.675658], [73.806662, 18.675913], [73.807152, 18.676036], [73.807293, 18.67606], [73.80648, 18.672183], [73.809411, 18.671755], [73.808798, 18.669217], [73.808148, 18.666177], [73.810019, 18.665632], [73.810747, 18.665463], [73.81121, 18.665478], [73.811333, 18.66553], [73.811483, 18.665611], [73.812007, 18.665807], [73.812135, 18.665846], [73.812453, 18.665953], [73.812802, 18.666062], [73.813265, 18.666047], [73.814096, 18.665893], [73.814704, 18.665681], [73.814114, 18.662967]]]}}, {"type": "Feature", "properties": {"name": "05, Zone F", "zone": "F", "wardnum": "5"}, "geometry": {"type": "Polygon", "coordinates": [[[73.815719, 18.685368], [73.816217, 18.686253], [73.81647, 18.686135], [73.8169, 18.685886], [73.817806, 18.685472], [73.818132, 18.685249], [73.818447, 18.685152], [73.818716, 18.685102], [73.819086, 18.684979], [73.819458, 18.685044], [73.819708, 18.685225], [73.819867, 18.685509], [73.819903, 18.68558], [73.820049, 18.685886], [73.820259, 18.686123], [73.821014, 18.686456], [73.821767, 18.686871], [73.822347, 18.687011], [73.823653, 18.68741], [73.824338, 18.687624], [73.825238, 18.687833], [73.82612, 18.688228], [73.826905, 18.688358], [73.828036, 18.688781], [73.829042, 18.689099], [73.831077, 18.689759], [73.832391, 18.689934], [73.833585, 18.689803], [73.834374, 18.689669], [73.834801, 18.689573], [73.8353, 18.68944], [73.835703, 18.68929], [73.836215, 18.689147], [73.836917, 18.688881], [73.837526, 18.688548], [73.836771, 18.687186], [73.836147, 18.686026], [73.835675, 18.685086], [73.835319, 18.684384], [73.834957, 18.683474], [73.834738, 18.682924], [73.834404, 18.682075], [73.834029, 18.681059], [73.833694, 18.680134], [73.833475, 18.679184], [73.833119, 18.677603], [73.832582, 18.675982], [73.832194, 18.674784], [73.83172, 18.673519], [73.831266, 18.672324], [73.830757, 18.670952], [73.829996, 18.668823], [73.828791, 18.667303], [73.828733, 18.666951], [73.829145, 18.664998], [73.829429, 18.663544], [73.830066, 18.663481], [73.826554, 18.659295], [73.82655, 18.65929], [73.82638, 18.659622], [73.825833, 18.660366], [73.825342, 18.660846], [73.82459, 18.66133], [73.823707, 18.661665], [73.822865, 18.661832], [73.822054, 18.66193], [73.820351, 18.662115], [73.818324, 18.662355], [73.816361, 18.662618], [73.814522, 18.662843], [73.814114, 18.662964], [73.814705, 18.665682], [73.814096, 18.665893], [73.813267, 18.666046], [73.812801, 18.666062], [73.81245, 18.665953], [73.812313, 18.665906], [73.812161, 18.665854], [73.812005, 18.665807], [73.81164, 18.66567], [73.811483, 18.665611], [73.811329, 18.665527], [73.81121, 18.665478], [73.810996, 18.665471], [73.810742, 18.665464], [73.810025, 18.665631], [73.80815, 18.666177], [73.808719, 18.668848], [73.808787, 18.66917], [73.809179, 18.670794], [73.80941, 18.671754], [73.807345, 18.672056], [73.806481, 18.672185], [73.807293, 18.67606], [73.807292, 18.67606], [73.807368, 18.676156], [73.807427, 18.676231], [73.807444, 18.676252], [73.807488, 18.676373], [73.807503, 18.676416], [73.807612, 18.676882], [73.80775, 18.677222], [73.807892, 18.677345], [73.807901, 18.677353], [73.808024, 18.677378], [73.80822, 18.677417], [73.80854, 18.677433], [73.808726, 18.67748], [73.808754, 18.677487], [73.808866, 18.677627], [73.808924, 18.677813], [73.808965, 18.677941], [73.809071, 18.678256], [73.809076, 18.678271], [73.809169, 18.678463], [73.809294, 18.678622], [73.809513, 18.678771], [73.809743, 18.67885], [73.809924, 18.678935], [73.810126, 18.679069], [73.810414, 18.679301], [73.810471, 18.679347], [73.810474, 18.679351], [73.810751, 18.679694], [73.811102, 18.680277], [73.811122, 18.680311], [73.811132, 18.680322], [73.811385, 18.680586], [73.811467, 18.680671], [73.811513, 18.680719], [73.81153, 18.680737], [73.811535, 18.680742], [73.81154, 18.680748], [73.811571, 18.680786], [73.811793, 18.681064], [73.811948, 18.681259], [73.812057, 18.681395], [73.812743, 18.6821], [73.812937, 18.682241], [73.813293, 18.682449], [73.813495, 18.682588], [73.813508, 18.682609], [73.813665, 18.682829], [73.81387, 18.683075], [73.813955, 18.683175], [73.814164, 18.683443], [73.814176, 18.683456], [73.814352, 18.683619], [73.814526, 18.683876], [73.814795, 18.684463], [73.815411, 18.685006], [73.815503, 18.685114], [73.815719, 18.685368]]]}}, {"type": "Feature", "properties": {"name": "06, Zone E", "zone": "E", "wardnum": "6"}, "geometry": {"type": "Polygon", "coordinates": [[[73.8419063, 18.687237], [73.84234, 18.687237], [73.843007, 18.687223], [73.843678, 18.687302], [73.844301, 18.687638], [73.84465, 18.687971], [73.844965, 18.688248], [73.84608, 18.688805], [73.846878, 18.688944], [73.847899, 18.689135], [73.8494, 18.689099], [73.850241, 18.68898], [73.851161, 18.68856], [73.852434, 18.687545], [73.853039, 18.686963], [73.853697, 18.686304], [73.854084, 18.685864], [73.854464, 18.685393], [73.85475, 18.685009], [73.855305, 18.684154], [73.855726, 18.683262], [73.856089, 18.682735], [73.856341, 18.682464], [73.856688, 18.682008], [73.857183, 18.681711], [73.857712, 18.681312], [73.858067, 18.681068], [73.858323, 18.680854], [73.858555, 18.680734], [73.858617, 18.68069], [73.858797, 18.680565], [73.859159, 18.680294], [73.859689, 18.680121], [73.860553, 18.679917], [73.861467, 18.679948], [73.861998, 18.68011], [73.862259, 18.680447], [73.862659, 18.680934], [73.862924, 18.681179], [73.863068, 18.681422], [73.863322, 18.68206], [73.863631, 18.68243], [73.864381, 18.683571], [73.864571, 18.68386], [73.864748, 18.684068], [73.865153, 18.684531], [73.865346, 18.684728], [73.865836, 18.685223], [73.866437, 18.685699], [73.8677, 18.68665], [73.868879, 18.687169], [73.870212, 18.68739], [73.871158, 18.687292], [73.87336, 18.68672], [73.874186, 18.686509], [73.874899, 18.686298], [73.875266, 18.686149], [73.875916, 18.685972], [73.876153, 18.685683], [73.876527, 18.685297], [73.876788, 18.685062], [73.877075, 18.684749], [73.877688, 18.684598], [73.878089, 18.684288], [73.878424, 18.683986], [73.878735, 18.6837], [73.879146, 18.683463], [73.879499, 18.683211], [73.879998, 18.682763], [73.880357, 18.682348], [73.880685, 18.681997], [73.880909, 18.681647], [73.881071, 18.68142], [73.881238, 18.681194], [73.881354, 18.681023], [73.88145, 18.680904], [73.881477, 18.680858], [73.881908, 18.680317], [73.882176, 18.679849], [73.882348, 18.679682], [73.882499, 18.679423], [73.882934, 18.678841], [73.883484, 18.67825], [73.88351, 18.678234], [73.884154, 18.677999], [73.884839, 18.67779], [73.885443, 18.677643], [73.886478, 18.677567], [73.887214, 18.677395], [73.887931, 18.677278], [73.887952, 18.677216], [73.887874, 18.67617], [73.887563, 18.675068], [73.887257, 18.674164], [73.887112, 18.673433], [73.886951, 18.672663], [73.886745, 18.672426], [73.886742, 18.672118], [73.886788, 18.671891], [73.886676, 18.671535], [73.886473, 18.671304], [73.885604, 18.670254], [73.885414, 18.669975], [73.8853, 18.669864], [73.885154, 18.669804], [73.885008, 18.669612], [73.884804, 18.669442], [73.884566, 18.669221], [73.884554, 18.66921], [73.883544, 18.668447], [73.883184, 18.668389], [73.881421, 18.668102], [73.88128, 18.668079], [73.880825, 18.667972], [73.880438, 18.667882], [73.879075, 18.667563], [73.878241, 18.667368], [73.876776, 18.666998], [73.875434, 18.666659], [73.875163, 18.666602], [73.873561, 18.666272], [73.871088, 18.66627], [73.870729, 18.666158], [73.868564, 18.667335], [73.867516, 18.665484], [73.865662, 18.661003], [73.86386, 18.660105], [73.864972, 18.657143], [73.864723, 18.656613], [73.864213, 18.655552], [73.863599, 18.654658], [73.862862, 18.653632], [73.862412, 18.653086], [73.860071, 18.649516], [73.859509, 18.649258], [73.85799, 18.648585], [73.857361, 18.64838], [73.855543, 18.647956], [73.854018, 18.647824], [73.852813, 18.647718], [73.852339, 18.64768], [73.851773, 18.647649], [73.850638, 18.6476], [73.845943, 18.647341], [73.84493, 18.647341], [73.8419063, 18.6486707], [73.839386, 18.649779], [73.834456, 18.653207], [73.833528, 18.653855], [73.826982, 18.659106], [73.82655, 18.65929], [73.830067, 18.663479], [73.829428, 18.663543], [73.829176, 18.66485], [73.828732, 18.666948], [73.828791, 18.667301], [73.829996, 18.668824], [73.830985, 18.671578], [73.832176, 18.674733], [73.832818, 18.676696], [73.833116, 18.677596], [73.833693, 18.680137], [73.834357, 18.681959], [73.835323, 18.684395], [73.836332, 18.686384], [73.837475, 18.688456], [73.837525, 18.688547], [73.838102, 18.688326], [73.838571, 18.688136], [73.840075, 18.687554], [73.84057, 18.687444], [73.841675, 18.687237], [73.8419063, 18.687237]]]}}, {"type": "Feature", "properties": {"name": "07, Zone E", "zone": "E", "wardnum": "7"}, "geometry": {"type": "Polygon", "coordinates": [[[73.871258, 18.636918], [73.869035, 18.637943], [73.867317, 18.638758], [73.864326, 18.640615], [73.864134, 18.641048], [73.864073, 18.641274], [73.863998, 18.641534], [73.863779, 18.642018], [73.8635, 18.642429], [73.863178, 18.642634], [73.86282, 18.642733], [73.861242, 18.643079], [73.860186, 18.643395], [73.859554, 18.643688], [73.858707, 18.64433], [73.858659, 18.645543], [73.858629, 18.645774], [73.858329, 18.647428], [73.858066, 18.648444], [73.857986, 18.648593], [73.860067, 18.649503], [73.86104, 18.650983], [73.861633, 18.65189], [73.862411, 18.65307], [73.863102, 18.653937], [73.863476, 18.65448], [73.86379, 18.654938], [73.864214, 18.655552], [73.864777, 18.656726], [73.864971, 18.657147], [73.86386, 18.660106], [73.865662, 18.661003], [73.867517, 18.665485], [73.868565, 18.667335], [73.870729, 18.666158], [73.871088, 18.66627], [73.873557, 18.666271], [73.875396, 18.66665], [73.878231, 18.667366], [73.881276, 18.668078], [73.883544, 18.668448], [73.884554, 18.66921], [73.884752, 18.66912], [73.885638, 18.668712], [73.886969, 18.668071], [73.887109, 18.668052], [73.889467, 18.666834], [73.88934, 18.666682], [73.890867, 18.666185], [73.893305, 18.665458], [73.89309, 18.664686], [73.894116, 18.664452], [73.894517, 18.665575], [73.894406, 18.66579], [73.895067, 18.667269], [73.895824, 18.667215], [73.896791, 18.667208], [73.896838, 18.667727], [73.897923, 18.667886], [73.898295, 18.667799], [73.89948, 18.668106], [73.901243, 18.664166], [73.901889, 18.663631], [73.902468, 18.663009], [73.903407, 18.662313], [73.904214, 18.661633], [73.904926, 18.660689], [73.905771, 18.659934], [73.906341, 18.659358], [73.906575, 18.659052], [73.906605, 18.65874], [73.906352, 18.658609], [73.90624, 18.658277], [73.906405, 18.657816], [73.906871, 18.657444], [73.907468, 18.657327], [73.907673, 18.65708], [73.907945, 18.656981], [73.908621, 18.657349], [73.909401, 18.65731], [73.910251, 18.657254], [73.910653, 18.657254], [73.913365, 18.656354], [73.915498, 18.655634], [73.917179, 18.654966], [73.917527, 18.654682], [73.91789, 18.654376], [73.918256, 18.653688], [73.919004, 18.6525], [73.919106, 18.652444], [73.919604, 18.652109], [73.920119, 18.651806], [73.921839, 18.651195], [73.923392, 18.651282], [73.924467, 18.651342], [73.925872, 18.651405], [73.927353, 18.652022], [73.92899, 18.651499], [73.930434, 18.651029], [73.930648, 18.650694], [73.930691, 18.649572], [73.930408, 18.649176], [73.930261, 18.648931], [73.930413, 18.64828], [73.930723, 18.647509], [73.931203, 18.646089], [73.931603, 18.645683], [73.931825, 18.645168], [73.931899, 18.644681], [73.932033, 18.64442], [73.932014, 18.644246], [73.931915, 18.644034], [73.931924, 18.643778], [73.932193, 18.64319], [73.932487, 18.642665], [73.932638, 18.641719], [73.932496, 18.641389], [73.932361, 18.641057], [73.932548, 18.640305], [73.932854, 18.639378], [73.9334, 18.638367], [73.933282, 18.636252], [73.933357, 18.635852], [73.933979, 18.634885], [73.933936, 18.634319], [73.93321, 18.632971], [73.932659, 18.63246], [73.932494, 18.631543], [73.931962, 18.630455], [73.93211, 18.629376], [73.932314, 18.628404], [73.932852, 18.627675], [73.933212, 18.627286], [73.93335, 18.626187], [73.933694, 18.62575], [73.933664, 18.62525], [73.932881, 18.624705], [73.932009, 18.624567], [73.93091, 18.623269], [73.930633, 18.622748], [73.930268, 18.622173], [73.929916, 18.621694], [73.929906, 18.621219], [73.929952, 18.620751], [73.926982, 18.6208], [73.926519, 18.620792], [73.92509, 18.62078], [73.923454, 18.620634], [73.923149, 18.620328], [73.922723, 18.618461], [73.921744, 18.617726], [73.920779, 18.617453], [73.919906, 18.617434], [73.918533, 18.617129], [73.91782, 18.617264], [73.916913, 18.61687], [73.915578, 18.616817], [73.914749, 18.616896], [73.9136, 18.617295], [73.912451, 18.617673], [73.911986, 18.617664], [73.910438, 18.61796], [73.908994, 18.617809], [73.907658, 18.617522], [73.90701, 18.617429], [73.907027, 18.617285], [73.906044, 18.617275], [73.906004, 18.616676], [73.905385, 18.616777], [73.901615, 18.618716], [73.901936, 18.620127], [73.902115, 18.620917], [73.902351, 18.622117], [73.902481, 18.622571], [73.902621, 18.62306], [73.903101, 18.624051], [73.90352, 18.624925], [73.903756, 18.625566], [73.903694, 18.625785], [73.90472, 18.627688], [73.904208, 18.627978], [73.903651, 18.627777], [73.902619, 18.6275], [73.901552, 18.627544], [73.901636, 18.6272], [73.901519, 18.6269], [73.900174, 18.627421], [73.89976, 18.627389], [73.900095, 18.630012], [73.898517, 18.629676], [73.898661, 18.631056], [73.898576, 18.632641], [73.898944, 18.633687], [73.898615, 18.633696], [73.897874, 18.633637], [73.896497, 18.633599], [73.89591, 18.63363], [73.895793, 18.634058], [73.895537, 18.634512], [73.895608, 18.635121], [73.895662, 18.635811], [73.895626, 18.636424], [73.895934, 18.63781], [73.895125, 18.638187], [73.894949, 18.638231], [73.894628, 18.638315], [73.894274, 18.63839], [73.894058, 18.638455], [73.893955, 18.638485], [73.893832, 18.638527], [73.893583, 18.638612], [73.893334, 18.638709], [73.893144, 18.638776], [73.892564, 18.638986], [73.892447, 18.639496], [73.892495, 18.639841], [73.892048, 18.640024], [73.891645, 18.64031], [73.891534, 18.640616], [73.891419, 18.641045], [73.891188, 18.64157], [73.891131, 18.641669], [73.891075, 18.641734], [73.890694, 18.641742], [73.890427, 18.641784], [73.890075, 18.641897], [73.889927, 18.641881], [73.889968, 18.642078], [73.889964, 18.642216], [73.889593, 18.642154], [73.889209, 18.642034], [73.889096, 18.641665], [73.889123, 18.641364], [73.88911, 18.641142], [73.889031, 18.641063], [73.888423, 18.641369], [73.887979, 18.641691], [73.887751, 18.641886], [73.88746, 18.642094], [73.887309, 18.642238], [73.887043, 18.642453], [73.886884, 18.642582], [73.886235, 18.642705], [73.885774, 18.642695], [73.885589, 18.642744], [73.885398, 18.642822], [73.885212, 18.64292], [73.885162, 18.64306], [73.885042, 18.643765], [73.885016, 18.643985], [73.884961, 18.644438], [73.884949, 18.644912], [73.884827, 18.644992], [73.884594, 18.64492], [73.884369, 18.644874], [73.883557, 18.644962], [73.882898, 18.645061], [73.882326, 18.64533], [73.882141, 18.645266], [73.88045, 18.645641], [73.879607, 18.644043], [73.879492, 18.64382], [73.879319, 18.64336], [73.879048, 18.643025], [73.878645, 18.642758], [73.878213, 18.642472], [73.877723, 18.642147], [73.877573, 18.642033], [73.877477, 18.641777], [73.877241, 18.641144], [73.876746, 18.640285], [73.876479, 18.639998], [73.876141, 18.639652], [73.875598, 18.639115], [73.875017, 18.638332], [73.875001, 18.638292], [73.874744, 18.637728], [73.87461, 18.63732], [73.874793, 18.636254], [73.875006, 18.635093], [73.87494, 18.634431], [73.87288, 18.635886], [73.872595, 18.636063], [73.871258, 18.636918]]]}}, {"type": "Feature", "properties": {"name": "08, Zone A", "zone": "A", "wardnum": "8"}, "geometry": {"type": "Polygon", "coordinates": [[[73.803627, 18.654395], [73.809494, 18.650542], [73.809284, 18.650028], [73.809027, 18.649818], [73.808269, 18.649225], [73.807816, 18.648922], [73.806674, 18.64818], [73.804696, 18.64688], [73.802243, 18.645296], [73.802016, 18.645126], [73.800002, 18.64746], [73.798335, 18.649258], [73.797648, 18.650105], [73.796799, 18.649888], [73.796199, 18.649867], [73.794932, 18.649986], [73.794568, 18.650555], [73.793242, 18.652206], [73.795382, 18.652608], [73.791007, 18.657348], [73.793494, 18.660649], [73.793625, 18.660686], [73.793694, 18.660598], [73.795794, 18.659471], [73.796048, 18.659333], [73.796215, 18.659242], [73.797179, 18.658628], [73.797446, 18.658453], [73.798867, 18.65753], [73.800771, 18.656293], [73.801514, 18.655809], [73.802769, 18.654984], [73.803627, 18.654395]]]}}, {"type": "Feature", "properties": {"name": "09, Zone F", "zone": "F", "wardnum": "9"}, "geometry": {"type": "Polygon", "coordinates": [[[73.812119, 18.657631], [73.809481, 18.650551], [73.807597, 18.65179], [73.807144, 18.652085], [73.805754, 18.652999], [73.804639, 18.653729], [73.803605, 18.65441], [73.802803, 18.654965], [73.801772, 18.655641], [73.801141, 18.656051], [73.80077, 18.656293], [73.79719, 18.658623], [73.796462, 18.659084], [73.796131, 18.659287], [73.795597, 18.659577], [73.793695, 18.660596], [73.793626, 18.660686], [73.793494, 18.660649], [73.793563, 18.660694], [73.793569, 18.660727], [73.793899, 18.661239], [73.794229, 18.661753], [73.794397, 18.662198], [73.794553, 18.662609], [73.794601, 18.662727], [73.794642, 18.662825], [73.794721, 18.663019], [73.794869, 18.663399], [73.794954, 18.663621], [73.79509, 18.663937], [73.795235, 18.664335], [73.795358, 18.664301], [73.795562, 18.664237], [73.795984, 18.664088], [73.796236, 18.664025], [73.796427, 18.663935], [73.79663, 18.663863], [73.796901, 18.663743], [73.797667, 18.663516], [73.798302, 18.663306], [73.798456, 18.663278], [73.799129, 18.663022], [73.799969, 18.662644], [73.801611, 18.661615], [73.803075, 18.660787], [73.804236, 18.659946], [73.80591, 18.659276], [73.807343, 18.659009], [73.80833, 18.658759], [73.812119, 18.657631]]]}}, {"type": "Feature", "properties": {"name": "10, Zone A", "zone": "A", "wardnum": "10"}, "geometry": {"type": "Polygon", "coordinates": [[[73.793569, 18.660727], [73.793563, 18.660694], [73.793494, 18.66065], [73.791732, 18.65831], [73.791008, 18.65735], [73.790858, 18.657152], [73.790107, 18.656158], [73.789616, 18.655507], [73.789401, 18.655223], [73.789354, 18.655168], [73.789248, 18.65505], [73.78911, 18.654896], [73.789043, 18.654823], [73.788979, 18.65476], [73.788807, 18.65459], [73.788715, 18.654498], [73.788546, 18.654332], [73.788456, 18.654241], [73.788367, 18.654147], [73.787924, 18.653679], [73.787437, 18.653165], [73.786775, 18.652467], [73.786644, 18.65224], [73.786589, 18.652027], [73.786537, 18.651803], [73.78646, 18.651463], [73.786421, 18.651289], [73.786372, 18.651137], [73.78626, 18.650987], [73.785739, 18.65062], [73.785539, 18.650428], [73.785332, 18.65023], [73.785139, 18.650451], [73.78477, 18.650875], [73.784431, 18.651266], [73.784414, 18.651289], [73.784157, 18.651097], [73.783872, 18.650884], [73.78373, 18.650777], [73.783526, 18.650625], [73.783443, 18.650562], [73.783279, 18.65034], [73.782347, 18.65019], [73.781391, 18.649904], [73.78076, 18.64986], [73.780157, 18.649819], [73.780056, 18.649811], [73.779399, 18.649817], [73.779402, 18.649846], [73.779412, 18.64996], [73.779432, 18.650257], [73.779497, 18.650552], [73.779579, 18.650927], [73.779614, 18.65126], [73.779598, 18.651365], [73.779579, 18.651421], [73.779487, 18.651686], [73.779454, 18.651751], [73.779342, 18.651977], [73.779292, 18.652041], [73.779214, 18.65214], [73.779205, 18.652149], [73.779086, 18.652254], [73.778933, 18.652391], [73.778915, 18.652409], [73.778818, 18.652499], [73.778611, 18.652693], [73.77877, 18.652925], [73.778819, 18.65318], [73.77902, 18.654093], [73.779424, 18.654044], [73.779769, 18.654063], [73.779895, 18.654272], [73.780156, 18.654548], [73.780835, 18.655375], [73.780414, 18.65586], [73.779889, 18.656462], [73.779368, 18.657059], [73.778849, 18.657659], [73.778721, 18.657809], [73.778467, 18.658101], [73.778154, 18.658425], [73.777734, 18.658861], [73.777447, 18.659157], [73.777871, 18.659465], [73.778355, 18.65987], [73.779518, 18.660879], [73.78079, 18.661745], [73.781096, 18.661893], [73.782414, 18.662301], [73.784065, 18.66286], [73.78549, 18.663195], [73.78597, 18.663368], [73.786042, 18.66337], [73.786249, 18.663832], [73.786463, 18.664263], [73.786619, 18.664579], [73.786685, 18.664689], [73.786588, 18.665349], [73.786283, 18.667722], [73.788115, 18.666953], [73.788458, 18.666708], [73.789017, 18.666326], [73.7912, 18.665183], [73.79185, 18.664973], [73.792322, 18.664823], [73.793371, 18.664726], [73.79367, 18.664704], [73.79397, 18.664651], [73.794388, 18.664551], [73.79496, 18.66439], [73.795237, 18.664338], [73.795091, 18.663939], [73.794954, 18.663619], [73.794891, 18.663458], [73.794853, 18.66336], [73.794814, 18.663257], [73.794798, 18.663216], [73.794756, 18.663108], [73.794716, 18.663007], [73.794553, 18.662608], [73.794229, 18.661752], [73.794057, 18.661484], [73.793569, 18.660727]]]}}, {"type": "Feature", "properties": {"name": "11, Zone F", "zone": "F", "wardnum": "11"}, "geometry": {"type": "Polygon", "coordinates": [[[73.780977, 18.661831], [73.780945, 18.661807], [73.780526, 18.663552], [73.779645, 18.663341], [73.778901, 18.666935], [73.781658, 18.667455], [73.781354, 18.669031], [73.780524, 18.6695], [73.781093, 18.67045], [73.781327, 18.670341], [73.782634, 18.669576], [73.783084, 18.669272], [73.784446, 18.668621], [73.785513, 18.668182], [73.786062, 18.667945], [73.786269, 18.667727], [73.786295, 18.667558], [73.786671, 18.664697], [73.786482, 18.664309], [73.786031, 18.663382], [73.785416, 18.663211], [73.784859, 18.663064], [73.784384, 18.662932], [73.78404, 18.66285], [73.782405, 18.662306], [73.78174, 18.662083], [73.781099, 18.661877], [73.780977, 18.661831]]]}}, {"type": "Feature", "properties": {"name": "12, Zone F", "zone": "F", "wardnum": "12"}, "geometry": {"type": "Polygon", "coordinates": [[[73.781092, 18.670447], [73.780524, 18.6695], [73.781354, 18.669031], [73.781659, 18.667455], [73.779887, 18.667121], [73.779208, 18.667654], [73.778708, 18.667924], [73.777681, 18.668434], [73.776734, 18.668905], [73.776009, 18.669269], [73.775541, 18.669497], [73.776332, 18.670792], [73.777351, 18.67245], [73.777559, 18.672359], [73.778575, 18.671809], [73.779966, 18.6712], [73.781092, 18.670447]]]}}, {"type": "Feature", "properties": {"name": "13, Zone F", "zone": "F", "wardnum": "13"}, "geometry": {"type": "Polygon", "coordinates": [[[73.772271, 18.664638], [73.771175, 18.665827], [73.771329, 18.665845], [73.772335, 18.666627], [73.773558, 18.667576], [73.774466, 18.66829], [73.775024, 18.668703], [73.775539, 18.669498], [73.776676, 18.668934], [73.778722, 18.667918], [73.77921, 18.667653], [73.779887, 18.667121], [73.778901, 18.666936], [73.779203, 18.665474], [73.779325, 18.664885], [73.779432, 18.66437], [73.779645, 18.66334], [73.780524, 18.663552], [73.780526, 18.663552], [73.780676, 18.662927], [73.780763, 18.662564], [73.780831, 18.662277], [73.780921, 18.661906], [73.780944, 18.661807], [73.780904, 18.661785], [73.780797, 18.661716], [73.77984, 18.661114], [73.779466, 18.660879], [73.778832, 18.660336], [73.778292, 18.659869], [73.777865, 18.659471], [73.777447, 18.659157], [73.776535, 18.660086], [73.775853, 18.660824], [73.774823, 18.661916], [73.774128, 18.662631], [73.772883, 18.663971], [73.772271, 18.664638]]]}}, {"type": "Feature", "properties": {"name": "14, Zone A", "zone": "A", "wardnum": "14"}, "geometry": {"type": "Polygon", "coordinates": [[[73.756385, 18.658284], [73.755586, 18.659661], [73.755841, 18.660117], [73.756643, 18.661494], [73.756843, 18.6618], [73.757438, 18.662594], [73.758116, 18.663484], [73.759452, 18.664453], [73.760736, 18.665532], [73.760677, 18.665761], [73.760877, 18.665981], [73.760651, 18.666183], [73.760466, 18.666488], [73.760022, 18.66702], [73.759858, 18.667507], [73.759757, 18.667882], [73.759755, 18.66814], [73.759772, 18.668566], [73.760226, 18.668476], [73.760422, 18.668102], [73.760345, 18.66782], [73.760686, 18.667326], [73.761194, 18.666601], [73.76159, 18.666475], [73.763182, 18.666166], [73.765325, 18.665741], [73.767657, 18.665239], [73.768087, 18.665236], [73.768872, 18.665254], [73.769443, 18.665401], [73.770121, 18.665571], [73.770922, 18.665796], [73.77121, 18.665806], [73.77174, 18.665228], [73.771848, 18.665102], [73.772304, 18.664585], [73.772786, 18.664082], [73.774452, 18.662309], [73.775855, 18.660796], [73.777447, 18.659157], [73.777115, 18.658861], [73.775136, 18.657122], [73.77379, 18.655978], [73.773491, 18.655807], [73.773164, 18.655728], [73.772479, 18.655696], [73.771257, 18.655837], [73.766901, 18.656181], [73.765183, 18.65633], [73.765155, 18.655435], [73.765055, 18.654781], [73.76489, 18.654239], [73.764677, 18.65374], [73.764308, 18.652833], [73.763739, 18.65145], [73.763572, 18.651211], [73.762812, 18.650593], [73.7624, 18.65022], [73.760592, 18.651679], [73.759922, 18.652368], [73.759753, 18.652583], [73.759035, 18.653478], [73.758308, 18.654623], [73.757722, 18.655829], [73.757178, 18.656848], [73.756385, 18.658284]]]}}, {"type": "Feature", "properties": {"name": "15, Zone A", "zone": "A", "wardnum": "15"}, "geometry": {"type": "Polygon", "coordinates": [[[73.776078, 18.649284], [73.776074, 18.649298], [73.775775, 18.650111], [73.774293, 18.653897], [73.773535, 18.655827], [73.773793, 18.655984], [73.773986, 18.656144], [73.774828, 18.656861], [73.775328, 18.657289], [73.776172, 18.658033], [73.777023, 18.65878], [73.777224, 18.658959], [73.777447, 18.659157], [73.778464, 18.658105], [73.7795, 18.656907], [73.780644, 18.655596], [73.780836, 18.655374], [73.780188, 18.654584], [73.779892, 18.654267], [73.77977, 18.654062], [73.779416, 18.654045], [73.779018, 18.654094], [73.778811, 18.653139], [73.77877, 18.652926], [73.778611, 18.652693], [73.778926, 18.652398], [73.779214, 18.65214], [73.779341, 18.651978], [73.779487, 18.651687], [73.779597, 18.651367], [73.779614, 18.65126], [73.77958, 18.650931], [73.779496, 18.650547], [73.779432, 18.650258], [73.779412, 18.649967], [73.779403, 18.649854], [73.779399, 18.649815], [73.779093, 18.649817], [73.778928, 18.649819], [73.778743, 18.649823], [73.778605, 18.649826], [73.777289, 18.649672], [73.776266, 18.649332], [73.776078, 18.649284]]]}}, {"type": "Feature", "properties": {"name": "16, Zone A", "zone": "A", "wardnum": "16"}, "geometry": {"type": "Polygon", "coordinates": [[[73.777184, 18.64443], [73.776952, 18.64554], [73.776078, 18.649284], [73.776267, 18.649332], [73.777288, 18.649671], [73.778606, 18.649826], [73.778955, 18.649818], [73.780052, 18.649812], [73.781391, 18.649904], [73.782344, 18.65019], [73.783279, 18.65034], [73.783443, 18.650562], [73.784191, 18.651123], [73.784412, 18.651287], [73.785371, 18.650185], [73.786454, 18.648744], [73.787298, 18.647803], [73.787546, 18.647632], [73.789283, 18.645515], [73.79123, 18.643248], [73.790668, 18.642688], [73.790465, 18.64268], [73.790064, 18.642774], [73.789661, 18.642845], [73.789267, 18.642948], [73.78891, 18.64287], [73.788418, 18.643267], [73.787583, 18.643725], [73.786895, 18.644058], [73.785581, 18.644506], [73.784263, 18.644843], [73.782655, 18.645061], [73.781651, 18.645119], [73.780717, 18.645053], [73.780452, 18.645033], [73.779636, 18.644868], [73.778526, 18.644647], [73.777184, 18.64443]]]}}, {"type": "Feature", "properties": {"name": "17, Zone A", "zone": "A", "wardnum": "17"}, "geometry": {"type": "Polygon", "coordinates": [[[73.769727, 18.644883], [73.769421, 18.645026], [73.768504, 18.64545], [73.767718, 18.645959], [73.767143, 18.646341], [73.766473, 18.646912], [73.765643, 18.647589], [73.764783, 18.648274], [73.764052, 18.648878], [73.763525, 18.649311], [73.762399, 18.650244], [73.762773, 18.650572], [73.763551, 18.651195], [73.763731, 18.651442], [73.764147, 18.652438], [73.76462, 18.65359], [73.764913, 18.654309], [73.765057, 18.654816], [73.765153, 18.65536], [73.765179, 18.656329], [73.767927, 18.65609], [73.769429, 18.655985], [73.771235, 18.655848], [73.77249, 18.655688], [73.773103, 18.655711], [73.773534, 18.655832], [73.77579, 18.650065], [73.776079, 18.649283], [73.776953, 18.645535], [73.777184, 18.64443], [73.775494, 18.644101], [73.773907, 18.644001], [73.772677, 18.644141], [73.771484, 18.644326], [73.771196, 18.644362], [73.769727, 18.644883]]]}}, {"type": "Feature", "properties": {"name": "18, Zone A", "zone": "A", "wardnum": "18"}, "geometry": {"type": "Polygon", "coordinates": [[[73.718694, 18.654449], [73.718005, 18.654834], [73.717213, 18.655123], [73.716319, 18.655424], [73.715045, 18.656126], [73.714437, 18.656553], [73.713911, 18.657014], [73.713476, 18.657642], [73.713279, 18.658032], [73.712722, 18.659002], [73.712335, 18.659515], [73.71199, 18.659858], [73.711792, 18.659964], [73.711416, 18.660252], [73.711046, 18.660328], [73.711145, 18.663342], [73.711214, 18.66483], [73.711233, 18.666458], [73.7112, 18.668176], [73.711228, 18.671509], [73.711306, 18.671879], [73.71127, 18.672363], [73.711328, 18.672617], [73.711414, 18.674108], [73.711711, 18.675197], [73.711965, 18.676847], [73.711977, 18.678584], [73.712048, 18.679468], [73.712105, 18.679938], [73.712114, 18.680985], [73.712178, 18.681093], [73.712303, 18.681478], [73.712158, 18.682018], [73.712115, 18.682976], [73.71201, 18.685453], [73.710425, 18.687788], [73.713721, 18.685321], [73.716488, 18.681954], [73.716533, 18.681165], [73.716581, 18.68042], [73.71658, 18.680307], [73.71657, 18.680109], [73.716586, 18.679822], [73.71663, 18.679478], [73.716647, 18.679406], [73.716686, 18.679203], [73.71673, 18.678846], [73.716759, 18.678652], [73.716746, 18.678593], [73.716742, 18.678403], [73.716754, 18.678132], [73.716772, 18.677668], [73.716778, 18.677333], [73.716859, 18.677303], [73.716974, 18.67692], [73.716973, 18.676785], [73.716959, 18.676762], [73.71687, 18.676622], [73.716855, 18.676504], [73.716846, 18.676395], [73.716868, 18.676326], [73.71691, 18.676275], [73.716957, 18.676167], [73.716976, 18.676045], [73.717066, 18.67583], [73.71708, 18.675691], [73.71712, 18.675619], [73.71718, 18.675543], [73.717271, 18.675457], [73.717466, 18.675457], [73.717608, 18.675335], [73.717592, 18.675], [73.717457, 18.674624], [73.717393, 18.674528], [73.717396, 18.674179], [73.717357, 18.673989], [73.717334, 18.673758], [73.717387, 18.673599], [73.717453, 18.673443], [73.717732, 18.673521], [73.71813, 18.673669], [73.7182, 18.673431], [73.718195, 18.672736], [73.718145, 18.672306], [73.718038, 18.671747], [73.718029, 18.671485], [73.71799, 18.671153], [73.717989, 18.670777], [73.718128, 18.670273], [73.718142, 18.670095], [73.718132, 18.669902], [73.718122, 18.669277], [73.71822, 18.6693], [73.718581, 18.669635], [73.718798, 18.669848], [73.718537, 18.670855], [73.718587, 18.670891], [73.718791, 18.670945], [73.719836, 18.671231], [73.719913, 18.671621], [73.721914, 18.671452], [73.721785, 18.668907], [73.721723, 18.667835], [73.721599, 18.666678], [73.721958, 18.666739], [73.72225, 18.666838], [73.722398, 18.6669], [73.722561, 18.66702], [73.722833, 18.667096], [73.722958, 18.66721], [73.72313, 18.66727], [73.723269, 18.667282], [73.723502, 18.667369], [73.723552, 18.667552], [73.723688, 18.667665], [73.723989, 18.667779], [73.72434, 18.668055], [73.724536, 18.668146], [73.724605, 18.668271], [73.724706, 18.668364], [73.724812, 18.668623], [73.724876, 18.668741], [73.724945, 18.668889], [73.725004, 18.668894], [73.725129, 18.668856], [73.725196, 18.668798], [73.725438, 18.668825], [73.725442, 18.668931], [73.725509, 18.669025], [73.725582, 18.669197], [73.725741, 18.669374], [73.726004, 18.669594], [73.726105, 18.669739], [73.726224, 18.669768], [73.726337, 18.669833], [73.72659, 18.670069], [73.725165, 18.673989], [73.726253, 18.673985], [73.727145, 18.67386], [73.727176, 18.674245], [73.728027, 18.674127], [73.729162, 18.673716], [73.729191, 18.673899], [73.72925, 18.67393], [73.72936, 18.674096], [73.729466, 18.674192], [73.729661, 18.674363], [73.729736, 18.674363], [73.729816, 18.674309], [73.729897, 18.674331], [73.729963, 18.674385], [73.730038, 18.674552], [73.730152, 18.674702], [73.730254, 18.674775], [73.730474, 18.674601], [73.731157, 18.674393], [73.731081, 18.67418], [73.731113, 18.674117], [73.731507, 18.674287], [73.731705, 18.674246], [73.731771, 18.674292], [73.731825, 18.674254], [73.73198, 18.674252], [73.732, 18.673866], [73.732201, 18.673799], [73.73236, 18.674475], [73.732963, 18.674235], [73.733417, 18.674024], [73.733684, 18.67442], [73.733925, 18.674851], [73.734271, 18.675346], [73.734621, 18.675806], [73.734895, 18.676204], [73.735045, 18.676437], [73.735379, 18.676981], [73.735796, 18.67725], [73.736416, 18.677879], [73.736953, 18.677371], [73.738231, 18.676295], [73.739307, 18.675374], [73.740028, 18.67464], [73.740298, 18.674324], [73.740694, 18.673591], [73.741024, 18.672969], [73.741245, 18.67236], [73.741532, 18.671236], [73.741866, 18.669911], [73.74211, 18.668959], [73.742302, 18.668474], [73.742663, 18.667487], [73.743055, 18.667012], [73.743372, 18.666619], [73.743361, 18.666571], [73.742556, 18.666022], [73.741435, 18.66546], [73.741104, 18.665391], [73.740389, 18.664987], [73.740028, 18.664897], [73.73698, 18.665965], [73.736594, 18.66611], [73.736341, 18.666233], [73.735965, 18.666391], [73.735423, 18.666579], [73.734521, 18.666932], [73.733756, 18.667238], [73.733035, 18.667521], [73.732787, 18.667593], [73.732335, 18.667781], [73.732238, 18.667658], [73.732083, 18.667647], [73.732008, 18.667389], [73.73193, 18.667389], [73.731708, 18.667204], [73.731505, 18.667059], [73.731368, 18.666815], [73.731171, 18.66638], [73.731159, 18.666306], [73.730994, 18.666116], [73.730971, 18.66591], [73.731189, 18.665744], [73.731279, 18.665559], [73.731187, 18.665417], [73.730951, 18.665296], [73.730774, 18.665399], [73.730627, 18.665372], [73.730402, 18.665228], [73.730237, 18.665081], [73.730078, 18.664892], [73.730012, 18.664821], [73.729872, 18.664677], [73.72978, 18.664536], [73.72978, 18.664255], [73.729751, 18.664155], [73.729644, 18.663994], [73.729424, 18.663798], [73.729136, 18.663614], [73.729306, 18.663202], [73.729529, 18.662599], [73.730036, 18.661329], [73.730505, 18.660121], [73.729095, 18.659657], [73.728224, 18.659386], [73.728038, 18.659334], [73.727363, 18.659128], [73.726838, 18.658959], [73.726413, 18.658852], [73.725837, 18.658771], [73.724902, 18.658597], [73.724634, 18.658467], [73.723947, 18.658079], [73.72249, 18.657681], [73.721592, 18.657441], [73.721498, 18.657441], [73.721038, 18.657218], [73.720669, 18.657078], [73.720603, 18.656977], [73.720579, 18.656847], [73.72054, 18.656774], [73.720517, 18.656647], [73.720506, 18.656419], [73.720452, 18.656178], [73.720376, 18.65602], [73.720265, 18.655851], [73.72034, 18.65552], [73.719908, 18.655107], [73.719786, 18.655016], [73.719679, 18.654874], [73.719669, 18.654804], [73.719666, 18.654701], [73.719702, 18.654545], [73.719784, 18.654354], [73.719777, 18.654201], [73.719721, 18.653966], [73.719372, 18.654129], [73.718694, 18.654449]]]}}, {"type": "Feature", "properties": {"name": "19, Zone A", "zone": "A", "wardnum": "19"}, "geometry": {"type": "Polygon", "coordinates": [[[73.767835, 18.624721], [73.767201, 18.624758], [73.766419, 18.62523], [73.765086, 18.62608], [73.762815, 18.626831], [73.761195, 18.627576], [73.759375, 18.628516], [73.758712, 18.628889], [73.756758, 18.62998], [73.755099, 18.63095], [73.754741, 18.63123], [73.754506, 18.631451], [73.754277, 18.631777], [73.754099, 18.632144], [73.753979, 18.632781], [73.754081, 18.634238], [73.754336, 18.63724], [73.7543, 18.638965], [73.754293, 18.639822], [73.754285, 18.640638], [73.75411, 18.641192], [73.753552, 18.641818], [73.752698, 18.642128], [73.752501, 18.642142], [73.750841, 18.642068], [73.749787, 18.641699], [73.749782, 18.641164], [73.74955, 18.640959], [73.749375, 18.640684], [73.749194, 18.64072], [73.749085, 18.640555], [73.749173, 18.640093], [73.74903, 18.639744], [73.747936, 18.639702], [73.747749, 18.63957], [73.747545, 18.639792], [73.747138, 18.639839], [73.745753, 18.639875], [73.743998, 18.64023], [73.7435, 18.640427], [73.742741, 18.640734], [73.741796, 18.64139], [73.741025, 18.642271], [73.740695, 18.642656], [73.740301, 18.643112], [73.739973, 18.643416], [73.739641, 18.643778], [73.739319, 18.64409], [73.739187, 18.644289], [73.738901, 18.644615], [73.738664, 18.644818], [73.738336, 18.64492], [73.738197, 18.644977], [73.738078, 18.644992], [73.737939, 18.644967], [73.73759, 18.644786], [73.737419, 18.644633], [73.736821, 18.643892], [73.736568, 18.643441], [73.736128, 18.642406], [73.735355, 18.641757], [73.734508, 18.64167], [73.73314, 18.642231], [73.732684, 18.642628], [73.732486, 18.642807], [73.732101, 18.643224], [73.731896, 18.643437], [73.732103, 18.644016], [73.731553, 18.644545], [73.730862, 18.645199], [73.729985, 18.645924], [73.729353, 18.6462], [73.728899, 18.646385], [73.727834, 18.646654], [73.72682, 18.646908], [73.725979, 18.647117], [73.724936, 18.647378], [73.724249, 18.647551], [73.72358, 18.64772], [73.723297, 18.647846], [73.72297, 18.648155], [73.722626, 18.648856], [73.722352, 18.649742], [73.721993, 18.650668], [73.721721, 18.651564], [73.721379, 18.652041], [73.72087, 18.652889], [73.720483, 18.653302], [73.719721, 18.653967], [73.719776, 18.654199], [73.719784, 18.654348], [73.7197, 18.654557], [73.719663, 18.654736], [73.719671, 18.654871], [73.719802, 18.65503], [73.719963, 18.655155], [73.720333, 18.65552], [73.72027, 18.655845], [73.720381, 18.656021], [73.720452, 18.656172], [73.720507, 18.656415], [73.720517, 18.65663], [73.720545, 18.656777], [73.720576, 18.656837], [73.720603, 18.656971], [73.720664, 18.657082], [73.721044, 18.657218], [73.721208, 18.657305], [73.721502, 18.657438], [73.721614, 18.657447], [73.723946, 18.658081], [73.72444, 18.658357], [73.724688, 18.658499], [73.724889, 18.658589], [73.725098, 18.658634], [73.725893, 18.65878], [73.726427, 18.658854], [73.726782, 18.658944], [73.726968, 18.658996], [73.727523, 18.659181], [73.72827, 18.659402], [73.72909, 18.659657], [73.730507, 18.660119], [73.729884, 18.661723], [73.729524, 18.662608], [73.729368, 18.663042], [73.729134, 18.663614], [73.729417, 18.663794], [73.729645, 18.663997], [73.72975, 18.66415], [73.729782, 18.664253], [73.72978, 18.66453], [73.729868, 18.664674], [73.730035, 18.664842], [73.730241, 18.665083], [73.730403, 18.665228], [73.730628, 18.665375], [73.730777, 18.665397], [73.730952, 18.665297], [73.731182, 18.665412], [73.731281, 18.665558], [73.731188, 18.665744], [73.730973, 18.665909], [73.730992, 18.666112], [73.731158, 18.666307], [73.731171, 18.666376], [73.731378, 18.666837], [73.731511, 18.667065], [73.731736, 18.667222], [73.731929, 18.66739], [73.732006, 18.667387], [73.732082, 18.667643], [73.73224, 18.667656], [73.732332, 18.66778], [73.732788, 18.667591], [73.73301, 18.667529], [73.733234, 18.667442], [73.734812, 18.666817], [73.735485, 18.666553], [73.735817, 18.666443], [73.73635, 18.666232], [73.736572, 18.666114], [73.737266, 18.665864], [73.739788, 18.664976], [73.740031, 18.664896], [73.740387, 18.664987], [73.741097, 18.66539], [73.741433, 18.665461], [73.741955, 18.665724], [73.742553, 18.666016], [73.743389, 18.666584], [73.743503, 18.66646], [73.744031, 18.665936], [73.74453, 18.665439], [73.745572, 18.664756], [73.746905, 18.664174], [73.747523, 18.664031], [73.748938, 18.663674], [73.750452, 18.663243], [73.751614, 18.662755], [73.75252, 18.662297], [73.753495, 18.661586], [73.75461, 18.660684], [73.755577, 18.659657], [73.756379, 18.658301], [73.757477, 18.656305], [73.758323, 18.654612], [73.759, 18.653519], [73.759744, 18.652596], [73.760578, 18.651687], [73.761634, 18.650795], [73.762391, 18.650215], [73.763119, 18.649557], [73.763681, 18.649142], [73.765861, 18.647344], [73.767262, 18.646206], [73.768488, 18.645404], [73.769726, 18.644875], [73.768727, 18.642837], [73.768269, 18.641663], [73.767802, 18.637001], [73.767396, 18.633184], [73.768077, 18.63292], [73.768889, 18.632459], [73.770217, 18.631699], [73.769171, 18.630696], [73.768978, 18.630639], [73.768764, 18.630603], [73.768655, 18.63053], [73.768633, 18.63017], [73.76819, 18.626722], [73.768083, 18.625862], [73.768057, 18.625654], [73.767835, 18.624721]]]}}, {"type": "Feature", "properties": {"name": "20, Zone B", "zone": "B", "wardnum": "20"}, "geometry": {"type": "Polygon", "coordinates": [[[73.775245, 18.628241], [73.774412, 18.627937], [73.773565, 18.62774], [73.77316, 18.627586], [73.772542, 18.627175], [73.771306, 18.626542], [73.770622, 18.626264], [73.770213, 18.625993], [73.769546, 18.625514], [73.769166, 18.625208], [73.768777, 18.625097], [73.767984, 18.624751], [73.767857, 18.624779], [73.768065, 18.625661], [73.76857, 18.629605], [73.768659, 18.630554], [73.769172, 18.630697], [73.76968, 18.631176], [73.770222, 18.63169], [73.769415, 18.632179], [73.767979, 18.632971], [73.767402, 18.633173], [73.767412, 18.63366], [73.767779, 18.636779], [73.767845, 18.637428], [73.767908, 18.638045], [73.767972, 18.638703], [73.768024, 18.639203], [73.768056, 18.639535], [73.768097, 18.639937], [73.768154, 18.640516], [73.768196, 18.640931], [73.768266, 18.641624], [73.768267, 18.641657], [73.768334, 18.64183], [73.768379, 18.641944], [73.768513, 18.642291], [73.768728, 18.642841], [73.768787, 18.64296], [73.768979, 18.643354], [73.769048, 18.643493], [73.769125, 18.643652], [73.769197, 18.643798], [73.769328, 18.644066], [73.769438, 18.64429], [73.769727, 18.644883], [73.771195, 18.644362], [73.77154, 18.644317], [73.772692, 18.644139], [73.773902, 18.644001], [73.775497, 18.644102], [73.77719, 18.64443], [73.777822, 18.644533], [73.778345, 18.644613], [73.778738, 18.644687], [73.779491, 18.644837], [73.780458, 18.645033], [73.780655, 18.645049], [73.780629, 18.64492], [73.780484, 18.644704], [73.780421, 18.644481], [73.780423, 18.644166], [73.780445, 18.643947], [73.780482, 18.643607], [73.780395, 18.643269], [73.780186, 18.642771], [73.780045, 18.642538], [73.77984, 18.642119], [73.779574, 18.641359], [73.77931, 18.640465], [73.77929, 18.6403], [73.779402, 18.640241], [73.77962, 18.64026], [73.779746, 18.640208], [73.779827, 18.640011], [73.77988, 18.63984], [73.780007, 18.639625], [73.780226, 18.639373], [73.780279, 18.639135], [73.780424, 18.638896], [73.780639, 18.638665], [73.781002, 18.638346], [73.781173, 18.638196], [73.781416, 18.637994], [73.781494, 18.637753], [73.781622, 18.637559], [73.781755, 18.637321], [73.782019, 18.637204], [73.782063, 18.637031], [73.782085, 18.636838], [73.78201, 18.636586], [73.781981, 18.636389], [73.782079, 18.636177], [73.782138, 18.635503], [73.782097, 18.635194], [73.781731, 18.633927], [73.78125, 18.632195], [73.780464, 18.632241], [73.780161, 18.632662], [73.779602, 18.633524], [73.778766, 18.63277], [73.77826, 18.631996], [73.77781, 18.631163], [73.777566, 18.630923], [73.775628, 18.629176], [73.77534, 18.628675], [73.775392, 18.628363], [73.775245, 18.628241]]]}}, {"type": "Feature", "properties": {"name": "21, Zone B", "zone": "B", "wardnum": "21"}, "geometry": {"type": "Polygon", "coordinates": [[[73.781251, 18.632196], [73.781412, 18.632781], [73.781653, 18.63365], [73.781905, 18.634527], [73.782097, 18.635195], [73.782138, 18.635503], [73.78208, 18.636176], [73.781981, 18.636389], [73.78201, 18.636585], [73.782045, 18.636705], [73.782085, 18.636837], [73.782064, 18.637027], [73.782019, 18.637204], [73.781755, 18.637321], [73.781623, 18.637557], [73.781494, 18.637753], [73.781415, 18.637995], [73.781174, 18.638195], [73.781016, 18.638333], [73.780808, 18.638516], [73.780741, 18.638576], [73.780647, 18.638657], [73.780614, 18.638692], [73.780425, 18.638896], [73.780294, 18.639109], [73.780279, 18.639135], [73.780226, 18.639373], [73.780007, 18.639624], [73.779906, 18.639796], [73.77988, 18.639841], [73.779828, 18.640008], [73.779746, 18.640208], [73.779619, 18.64026], [73.779402, 18.640241], [73.77929, 18.640299], [73.779309, 18.640464], [73.779327, 18.640525], [73.779428, 18.640866], [73.77957, 18.641349], [73.779839, 18.642117], [73.780043, 18.642534], [73.780189, 18.642776], [73.780393, 18.643264], [73.780482, 18.643607], [73.780423, 18.644159], [73.780421, 18.644483], [73.780486, 18.644708], [73.780629, 18.64492], [73.780656, 18.645049], [73.781652, 18.645119], [73.782101, 18.645092], [73.782654, 18.645061], [73.784269, 18.644842], [73.784912, 18.644676], [73.785594, 18.644502], [73.786094, 18.644332], [73.7869, 18.644056], [73.787616, 18.643708], [73.788419, 18.643266], [73.78919, 18.642651], [73.790718, 18.641276], [73.791761, 18.639856], [73.792852, 18.637726], [73.792179, 18.637501], [73.790809, 18.637216], [73.78983, 18.636906], [73.788843, 18.636082], [73.788203, 18.63519], [73.78742, 18.634099], [73.787032, 18.63381], [73.785798, 18.633268], [73.785606, 18.633076], [73.785345, 18.632836], [73.784196, 18.631737], [73.782777, 18.630549], [73.781686, 18.629671], [73.781433, 18.629577], [73.781319, 18.629713], [73.781145, 18.630092], [73.780955, 18.630883], [73.780821, 18.631141], [73.780588, 18.631831], [73.780461, 18.632244], [73.781251, 18.632196]]]}}, {"type": "Feature", "properties": {"name": "22, Zone B", "zone": "B", "wardnum": "22"}, "geometry": {"type": "Polygon", "coordinates": [[[73.782044, 18.619049], [73.781829, 18.619336], [73.781516, 18.619673], [73.781377, 18.619885], [73.781095, 18.620191], [73.780804, 18.620592], [73.780282, 18.621212], [73.779803, 18.62175], [73.779543, 18.622081], [73.779317, 18.622256], [73.778978, 18.622672], [73.77879, 18.623055], [73.778578, 18.623398], [73.778392, 18.623891], [73.778298, 18.624256], [73.778224, 18.624799], [73.778179, 18.625496], [73.778142, 18.626233], [73.778221, 18.626747], [73.778201, 18.627457], [73.777919, 18.627932], [73.777685, 18.628117], [73.7772, 18.628276], [73.776275, 18.628481], [73.775759, 18.628447], [73.775407, 18.628358], [73.775384, 18.628368], [73.775383, 18.628386], [73.77534, 18.628673], [73.77534, 18.628676], [73.775585, 18.629102], [73.775628, 18.629176], [73.775744, 18.629281], [73.775836, 18.629363], [73.77594, 18.629457], [73.776077, 18.629581], [73.776182, 18.629675], [73.776267, 18.629751], [73.776345, 18.629822], [73.776523, 18.629983], [73.776683, 18.630128], [73.776878, 18.630302], [73.777412, 18.630784], [73.777563, 18.630919], [73.777713, 18.631067], [73.777811, 18.631163], [73.778227, 18.631936], [73.778262, 18.632], [73.778306, 18.632067], [73.778766, 18.63277], [73.779111, 18.633081], [73.779602, 18.633525], [73.78016, 18.63266], [73.78046, 18.632248], [73.780609, 18.631762], [73.780821, 18.631142], [73.780956, 18.630882], [73.781042, 18.630523], [73.781106, 18.630257], [73.781148, 18.630089], [73.781319, 18.629712], [73.781452, 18.629553], [73.78176, 18.629258], [73.782205, 18.629103], [73.782405, 18.629068], [73.782505, 18.628979], [73.782555, 18.62887], [73.782569, 18.628333], [73.782572, 18.627468], [73.782558, 18.626956], [73.782507, 18.625879], [73.782502, 18.62548], [73.782557, 18.625054], [73.782564, 18.624375], [73.782526, 18.623861], [73.782696, 18.622794], [73.782727, 18.622305], [73.782648, 18.621953], [73.782468, 18.621476], [73.782403, 18.621229], [73.782373, 18.620823], [73.78238, 18.620552], [73.782348, 18.620227], [73.782281, 18.619782], [73.782194, 18.619369], [73.782143, 18.61917], [73.782044, 18.619049]]]}}, {"type": "Feature", "properties": {"name": "23, Zone B", "zone": "B", "wardnum": "23"}, "geometry": {"type": "Polygon", "coordinates": [[[73.782139, 18.618962], [73.782138, 18.619169], [73.782219, 18.61946], [73.782279, 18.619777], [73.782345, 18.620248], [73.782382, 18.620527], [73.782376, 18.620858], [73.782395, 18.621224], [73.782489, 18.621518], [73.782628, 18.621916], [73.782733, 18.622287], [73.782693, 18.622808], [73.782523, 18.623852], [73.782565, 18.624401], [73.782563, 18.625017], [73.782507, 18.625473], [73.782501, 18.625675], [73.782574, 18.627462], [73.783267, 18.627719], [73.783985, 18.628066], [73.785115, 18.628486], [73.785683, 18.628752], [73.786066, 18.628978], [73.786602, 18.629292], [73.786749, 18.628992], [73.786823, 18.628646], [73.786797, 18.628233], [73.786768, 18.628037], [73.786783, 18.627827], [73.786917, 18.627624], [73.78705, 18.627373], [73.787336, 18.62699], [73.787547, 18.626704], [73.787821, 18.62637], [73.787897, 18.626125], [73.787991, 18.626], [73.788179, 18.62594], [73.788282, 18.624931], [73.788534, 18.623674], [73.788664, 18.62288], [73.788567, 18.621916], [73.788399, 18.621155], [73.787853, 18.620059], [73.787343, 18.619193], [73.786895, 18.618793], [73.786141, 18.618092], [73.78552, 18.6176], [73.785089, 18.617292], [73.78479, 18.61713], [73.784277, 18.616883], [73.783937, 18.616788], [73.783593, 18.616843], [73.783407, 18.616972], [73.783243, 18.617118], [73.783108, 18.617337], [73.783006, 18.617542], [73.782855, 18.617753], [73.782695, 18.61806], [73.78252, 18.618359], [73.782384, 18.618574], [73.782245, 18.618792], [73.782139, 18.618962]]]}}, {"type": "Feature", "properties": {"name": "24, Zone B", "zone": "B", "wardnum": "24"}, "geometry": {"type": "Polygon", "coordinates": [[[73.795941, 18.630171], [73.795656, 18.629383], [73.795321, 18.629408], [73.795248, 18.629281], [73.795267, 18.629272], [73.795567, 18.62897], [73.795763, 18.628786], [73.795612, 18.62854], [73.795444, 18.628252], [73.79523, 18.627823], [73.795058, 18.627363], [73.794952, 18.626863], [73.794716, 18.626107], [73.794558, 18.625725], [73.794506, 18.625642], [73.794339, 18.625766], [73.794017, 18.626104], [73.793499, 18.626634], [73.79344, 18.626713], [73.793096, 18.62715], [73.792873, 18.627298], [73.792495, 18.627562], [73.792386, 18.627655], [73.79192, 18.628065], [73.791382, 18.628313], [73.791021, 18.628433], [73.790688, 18.628527], [73.790178, 18.628494], [73.789489, 18.628247], [73.789074, 18.627864], [73.788672, 18.627477], [73.788453, 18.627135], [73.788269, 18.626582], [73.788184, 18.625989], [73.788198, 18.62594], [73.787998, 18.626001], [73.787903, 18.62612], [73.787815, 18.626377], [73.787717, 18.626507], [73.787522, 18.626728], [73.787271, 18.627079], [73.787062, 18.627359], [73.786997, 18.62748], [73.786902, 18.62764], [73.786783, 18.627833], [73.786771, 18.628033], [73.786797, 18.628234], [73.786828, 18.628648], [73.786725, 18.629045], [73.786623, 18.629301], [73.78612, 18.629007], [73.785661, 18.628739], [73.785062, 18.628473], [73.784007, 18.628073], [73.78324, 18.627707], [73.782575, 18.627462], [73.78256, 18.628863], [73.782495, 18.628991], [73.782407, 18.629067], [73.782119, 18.629129], [73.781766, 18.629251], [73.781436, 18.629576], [73.781506, 18.629611], [73.781682, 18.629653], [73.782756, 18.630532], [73.784055, 18.63162], [73.784183, 18.631727], [73.784855, 18.632369], [73.785215, 18.632714], [73.785612, 18.633085], [73.785795, 18.633267], [73.787031, 18.633813], [73.787417, 18.634095], [73.788845, 18.636087], [73.789835, 18.636909], [73.790826, 18.637222], [73.792185, 18.637502], [73.79286, 18.637728], [73.792971, 18.637263], [73.793126, 18.636686], [73.793231, 18.636319], [73.793326, 18.635968], [73.793422, 18.635681], [73.793566, 18.635179], [73.793706, 18.634746], [73.794023, 18.633725], [73.794334, 18.632747], [73.79456, 18.632326], [73.795228, 18.631056], [73.795715, 18.63045], [73.795882, 18.63025], [73.795941, 18.630171]]]}}, {"type": "Feature", "properties": {"name": "25, Zone A", "zone": "A", "wardnum": "25"}, "geometry": {"type": "Polygon", "coordinates": [[[73.791228, 18.643249], [73.792049, 18.642284], [73.792585, 18.64264], [73.79333, 18.642693], [73.794092, 18.641883], [73.795286, 18.641815], [73.79534, 18.642059], [73.79581, 18.642067], [73.796415, 18.642014], [73.795972, 18.641685], [73.795431, 18.641305], [73.794792, 18.640898], [73.793722, 18.640317], [73.793889, 18.640076], [73.796771, 18.636844], [73.799177, 18.633821], [73.799281, 18.633689], [73.799455, 18.633488], [73.799207, 18.633361], [73.798818, 18.633297], [73.798604, 18.633247], [73.798513, 18.633135], [73.798506, 18.632952], [73.798585, 18.632526], [73.798589, 18.632301], [73.798455, 18.63225], [73.79837, 18.632184], [73.798339, 18.63208], [73.798285, 18.631923], [73.798217, 18.631797], [73.798133, 18.631697], [73.798125, 18.631611], [73.798156, 18.631483], [73.798121, 18.631263], [73.797837, 18.630877], [73.797589, 18.63061], [73.797559, 18.630461], [73.797595, 18.630329], [73.797668, 18.63016], [73.797729, 18.629983], [73.79757, 18.629689], [73.797473, 18.629368], [73.797506, 18.629237], [73.797416, 18.629097], [73.797266, 18.628816], [73.797212, 18.62876], [73.796057, 18.63001], [73.795217, 18.631088], [73.794316, 18.632799], [73.793343, 18.635906], [73.79284, 18.637759], [73.791765, 18.639847], [73.790723, 18.641268], [73.789219, 18.642625], [73.789045, 18.642763], [73.788935, 18.642858], [73.789262, 18.642945], [73.790448, 18.642683], [73.790671, 18.642682], [73.791228, 18.643249]]]}}, {"type": "Feature", "properties": {"name": "26, Zone A", "zone": "A", "wardnum": "26"}, "geometry": {"type": "Polygon", "coordinates": [[[73.797919, 18.642868], [73.796445, 18.642007], [73.795944, 18.64205], [73.795366, 18.642067], [73.795289, 18.641795], [73.794069, 18.641887], [73.79335, 18.642671], [73.792629, 18.642673], [73.79206, 18.642286], [73.79126, 18.643214], [73.789636, 18.645106], [73.788749, 18.646165], [73.787564, 18.647613], [73.787262, 18.647866], [73.78669, 18.648471], [73.785816, 18.649557], [73.785332, 18.65023], [73.785734, 18.650617], [73.786261, 18.650988], [73.786372, 18.651137], [73.786417, 18.65128], [73.786551, 18.651867], [73.78664, 18.652232], [73.786775, 18.652468], [73.788482, 18.654268], [73.789064, 18.654845], [73.789395, 18.655215], [73.791007, 18.657349], [73.791498, 18.656815], [73.791556, 18.656754], [73.79189, 18.65639], [73.792407, 18.655832], [73.792827, 18.655377], [73.793183, 18.654994], [73.793469, 18.654681], [73.79424, 18.653845], [73.795383, 18.652609], [73.79409, 18.652365], [73.793242, 18.652206], [73.79409, 18.651146], [73.794567, 18.650555], [73.794934, 18.649984], [73.794961, 18.649984], [73.796188, 18.649869], [73.796808, 18.649891], [73.797649, 18.650105], [73.797793, 18.649927], [73.798153, 18.649483], [73.798337, 18.649255], [73.799226, 18.648298], [73.799774, 18.647706], [73.800009, 18.647451], [73.800345, 18.647064], [73.800859, 18.646466], [73.801342, 18.645907], [73.801989, 18.645217], [73.797919, 18.642868]]]}}, {"type": "Feature", "properties": {"name": "27, Zone A", "zone": "A", "wardnum": "27"}, "geometry": {"type": "Polygon", "coordinates": [[[73.807805, 18.629903], [73.807739, 18.629094], [73.807863, 18.628936], [73.806611, 18.627488], [73.806185, 18.626884], [73.805652, 18.626309], [73.803519, 18.628749], [73.801878, 18.6307], [73.799459, 18.633485], [73.79918, 18.633818], [73.798689, 18.634431], [73.797926, 18.635374], [73.797428, 18.635956], [73.796791, 18.6367], [73.796688, 18.636835], [73.795503, 18.638194], [73.795168, 18.638602], [73.793885, 18.640067], [73.793711, 18.640313], [73.794686, 18.640876], [73.795316, 18.641295], [73.795979, 18.641743], [73.796578, 18.642078], [73.797159, 18.642389], [73.798073, 18.642869], [73.79868, 18.643219], [73.800344, 18.644171], [73.800488, 18.644254], [73.800651, 18.644348], [73.80166, 18.644925], [73.801791, 18.645], [73.802014, 18.645127], [73.802237, 18.645293], [73.802344, 18.645361], [73.802657, 18.645563], [73.803092, 18.645844], [73.803521, 18.646121], [73.803886, 18.646357], [73.804239, 18.646585], [73.804729, 18.646901], [73.80533, 18.647297], [73.80596, 18.64771], [73.80639, 18.647993], [73.806797, 18.64826], [73.807248, 18.648553], [73.807598, 18.64878], [73.807819, 18.648925], [73.808227, 18.649203], [73.808552, 18.649427], [73.808636, 18.649492], [73.808837, 18.649647], [73.808909, 18.649762], [73.809099, 18.649867], [73.809289, 18.65004], [73.809211, 18.649709], [73.808934, 18.648932], [73.80887, 18.648636], [73.808718, 18.648122], [73.808524, 18.647725], [73.80816, 18.64653], [73.807844, 18.645222], [73.807675, 18.643794], [73.807481, 18.643005], [73.807043, 18.641536], [73.806889, 18.640844], [73.806604, 18.640038], [73.805926, 18.638031], [73.806202, 18.637995], [73.807019, 18.638374], [73.807788, 18.639123], [73.809294, 18.63826], [73.809073, 18.636509], [73.808161, 18.636431], [73.80757, 18.635737], [73.807451, 18.635393], [73.807331, 18.635068], [73.806867, 18.635083], [73.80682, 18.634518], [73.806842, 18.634257], [73.806861, 18.634116], [73.806962, 18.633626], [73.807058, 18.633332], [73.807957, 18.63325], [73.807859, 18.632399], [73.807794, 18.631859], [73.807743, 18.63142], [73.807735, 18.630134], [73.807718, 18.630011], [73.807805, 18.629903]]]}}, {"type": "Feature", "properties": {"name": "28, Zone F", "zone": "F", "wardnum": "28"}, "geometry": {"type": "Polygon", "coordinates": [[[73.811237, 18.633278], [73.809464, 18.633365], [73.806962, 18.633628], [73.806832, 18.634308], [73.806821, 18.634517], [73.806865, 18.635079], [73.807332, 18.635064], [73.807565, 18.635726], [73.808168, 18.636437], [73.80907, 18.636508], [73.809291, 18.638267], [73.807788, 18.639118], [73.80702, 18.638376], [73.806201, 18.637996], [73.805928, 18.63803], [73.80649, 18.639706], [73.806892, 18.640867], [73.807038, 18.641529], [73.807484, 18.643021], [73.807679, 18.64382], [73.807838, 18.645205], [73.808154, 18.646491], [73.808512, 18.647701], [73.808714, 18.648111], [73.808841, 18.648551], [73.808943, 18.648957], [73.809209, 18.649711], [73.809288, 18.650032], [73.812122, 18.657628], [73.81284, 18.661566], [73.813326, 18.662337], [73.814112, 18.662965], [73.814509, 18.662846], [73.816073, 18.662654], [73.818719, 18.662306], [73.822802, 18.661838], [73.823694, 18.66167], [73.824585, 18.661333], [73.82535, 18.660839], [73.825816, 18.660386], [73.826378, 18.659625], [73.826551, 18.659289], [73.826303, 18.6584], [73.825816, 18.656632], [73.825539, 18.653969], [73.825528, 18.653515], [73.825462, 18.653437], [73.825478, 18.653341], [73.825449, 18.652989], [73.825423, 18.652883], [73.82547, 18.652744], [73.825493, 18.652639], [73.825449, 18.652107], [73.825326, 18.651897], [73.825301, 18.651847], [73.824889, 18.651044], [73.824817, 18.650957], [73.824819, 18.650706], [73.824812, 18.650653], [73.824803, 18.65061], [73.824836, 18.650341], [73.824851, 18.650285], [73.824875, 18.649868], [73.824983, 18.649601], [73.825084, 18.649245], [73.825128, 18.648982], [73.824699, 18.648441], [73.824945, 18.647587], [73.825143, 18.647123], [73.825337, 18.646836], [73.825501, 18.646627], [73.825582, 18.646461], [73.825555, 18.64601], [73.825412, 18.645529], [73.825201, 18.645144], [73.824998, 18.644868], [73.824869, 18.644656], [73.824856, 18.644577], [73.824793, 18.644175], [73.824743, 18.643912], [73.824691, 18.643632], [73.824589, 18.643477], [73.824664, 18.643303], [73.824871, 18.643151], [73.824951, 18.642954], [73.824965, 18.642929], [73.825102, 18.642686], [73.825236, 18.642621], [73.825469, 18.642356], [73.825661, 18.642118], [73.825889, 18.641928], [73.826027, 18.641803], [73.826113, 18.641673], [73.826172, 18.641256], [73.826208, 18.640804], [73.826119, 18.640644], [73.825775, 18.640407], [73.825697, 18.640305], [73.825686, 18.639821], [73.825638, 18.639639], [73.825574, 18.639423], [73.825302, 18.638752], [73.825101, 18.638295], [73.824743, 18.637778], [73.82445, 18.63741], [73.824111, 18.637154], [73.823958, 18.636947], [73.823904, 18.636481], [73.823965, 18.63613], [73.824104, 18.635939], [73.824163, 18.635812], [73.824188, 18.63554], [73.824234, 18.635298], [73.824215, 18.634998], [73.82421, 18.634959], [73.824076, 18.634228], [73.823978, 18.634254], [73.823664, 18.634337], [73.822894, 18.634544], [73.822029, 18.634768], [73.821836, 18.63498], [73.821551, 18.634945], [73.821562, 18.634256], [73.821274, 18.634247], [73.821275, 18.633848], [73.821165, 18.633488], [73.821096, 18.633273], [73.820811, 18.632488], [73.820757, 18.632295], [73.820418, 18.632132], [73.819804, 18.632057], [73.819874, 18.632749], [73.815775, 18.633032], [73.811237, 18.633278]]]}}, {"type": "Feature", "properties": {"name": "29, Zone E", "zone": "E", "wardnum": "29"}, "geometry": {"type": "Polygon", "coordinates": [[[73.845606, 18.647325], [73.850642, 18.647599], [73.850382, 18.645418], [73.850626, 18.643289], [73.850715, 18.642507], [73.849988, 18.638248], [73.849973, 18.637784], [73.849946, 18.636681], [73.849713, 18.634469], [73.850035, 18.632636], [73.847232, 18.632088], [73.846769, 18.632189], [73.846703, 18.632047], [73.84668, 18.631997], [73.846633, 18.631895], [73.84645, 18.631861], [73.844631, 18.632305], [73.844033, 18.632451], [73.843706, 18.632537], [73.843199, 18.63267], [73.843038, 18.632057], [73.842825, 18.631827], [73.8419063, 18.6320488], [73.839312, 18.632675], [73.838846, 18.632788], [73.838463, 18.632883], [73.838107, 18.63266], [73.83716, 18.633695], [73.836988, 18.633888], [73.836656, 18.634237], [73.835961, 18.635027], [73.833845, 18.633342], [73.830864, 18.636654], [73.830143, 18.636061], [73.829244, 18.635312], [73.828263, 18.634564], [73.828312, 18.634506], [73.829409, 18.633234], [73.83008, 18.632427], [73.828866, 18.631342], [73.82752, 18.63281], [73.826124, 18.631597], [73.82543, 18.630994], [73.825292, 18.630872], [73.825024, 18.630809], [73.824492, 18.630684], [73.824437, 18.63087], [73.824375, 18.631082], [73.82427, 18.631315], [73.824112, 18.631434], [73.823905, 18.631709], [73.823823, 18.631909], [73.823786, 18.632455], [73.823812, 18.632966], [73.823889, 18.633156], [73.823971, 18.633662], [73.824039, 18.634036], [73.824135, 18.634546], [73.824213, 18.63498], [73.824234, 18.635301], [73.824188, 18.635538], [73.824162, 18.635812], [73.824107, 18.635935], [73.823966, 18.636128], [73.823905, 18.636479], [73.823958, 18.636947], [73.82411, 18.637153], [73.824448, 18.637408], [73.824733, 18.637765], [73.825098, 18.63829], [73.825264, 18.638661], [73.825567, 18.639404], [73.825573, 18.639429], [73.825638, 18.639633], [73.825687, 18.639827], [73.825697, 18.640308], [73.825781, 18.64041], [73.826117, 18.640643], [73.826208, 18.640805], [73.826169, 18.641278], [73.826134, 18.641516], [73.826114, 18.641668], [73.826034, 18.641796], [73.825895, 18.641925], [73.825663, 18.642117], [73.82545, 18.642378], [73.825236, 18.642621], [73.825104, 18.642684], [73.825048, 18.64278], [73.824952, 18.642951], [73.824872, 18.64315], [73.824665, 18.643302], [73.824589, 18.643477], [73.824691, 18.643634], [73.824793, 18.644177], [73.824869, 18.644657], [73.825002, 18.644875], [73.8252, 18.645142], [73.825411, 18.645529], [73.825555, 18.646011], [73.825571, 18.64626], [73.825581, 18.646462], [73.825503, 18.646624], [73.825332, 18.646843], [73.825144, 18.64712], [73.824944, 18.647591], [73.824699, 18.64844], [73.825127, 18.648984], [73.825085, 18.64924], [73.824985, 18.649597], [73.824875, 18.649867], [73.824851, 18.650283], [73.824835, 18.650345], [73.824803, 18.650612], [73.824812, 18.650654], [73.824819, 18.650716], [73.824817, 18.650956], [73.824884, 18.651039], [73.824995, 18.651254], [73.825314, 18.651876], [73.825448, 18.652108], [73.825493, 18.652638], [73.82547, 18.652747], [73.825423, 18.652884], [73.825448, 18.652989], [73.825479, 18.653336], [73.825462, 18.653437], [73.825528, 18.653515], [73.825539, 18.653963], [73.825575, 18.654299], [73.825818, 18.656644], [73.82655, 18.65929], [73.82698, 18.659107], [73.833527, 18.653866], [73.839395, 18.649774], [73.8419063, 18.6486712], [73.844915, 18.64735], [73.845606, 18.647325]]]}}, {"type": "Feature", "properties": {"name": "30, Zone E", "zone": "E", "wardnum": "30"}, "geometry": {"type": "Polygon", "coordinates": [[[73.859561, 18.643683], [73.860188, 18.643393], [73.861202, 18.64309], [73.862834, 18.64273], [73.859817, 18.642709], [73.859873, 18.633903], [73.8641, 18.633924], [73.864135, 18.641048], [73.864324, 18.640618], [73.867419, 18.638711], [73.871239, 18.636916], [73.872652, 18.636053], [73.871974, 18.633507], [73.8714, 18.632519], [73.870284, 18.630908], [73.869043, 18.629597], [73.868284, 18.629797], [73.86775, 18.628751], [73.862344, 18.625852], [73.860604, 18.624969], [73.860106, 18.624823], [73.858711, 18.62459], [73.85861, 18.62622], [73.858635, 18.626594], [73.857837, 18.62668], [73.855418, 18.626828], [73.855204, 18.62694], [73.854788, 18.626594], [73.854321, 18.625972], [73.852955, 18.624943], [73.851521, 18.623769], [73.852159, 18.626023], [73.852316, 18.626897], [73.852154, 18.627519], [73.851827, 18.628504], [73.850553, 18.630427], [73.850209, 18.631634], [73.849711, 18.63447], [73.849944, 18.636707], [73.849987, 18.638249], [73.850715, 18.6425], [73.850385, 18.645444], [73.850642, 18.6476], [73.852264, 18.647672], [73.855561, 18.647955], [73.857362, 18.648374], [73.857987, 18.648592], [73.858065, 18.648446], [73.858325, 18.647447], [73.858629, 18.645776], [73.858658, 18.645546], [73.858707, 18.64433], [73.859561, 18.643683]]]}}, {"type": "Feature", "properties": {"name": "31, Zone E", "zone": "E", "wardnum": "31"}, "geometry": {"type": "Polygon", "coordinates": [[[73.872644, 18.636042], [73.874932, 18.63442], [73.874885, 18.633475], [73.874951, 18.633103], [73.874899, 18.631711], [73.874885, 18.631325], [73.874822, 18.630402], [73.874667, 18.628411], [73.874472, 18.625851], [73.874318, 18.624902], [73.874348, 18.623876], [73.87708, 18.623779], [73.877236, 18.621249], [73.879903, 18.620912], [73.879839, 18.620478], [73.879118, 18.615637], [73.879124, 18.615561], [73.879359, 18.615553], [73.880222, 18.615257], [73.880284, 18.614802], [73.880142, 18.613661], [73.87982, 18.613672], [73.879402, 18.6119], [73.878848, 18.611888], [73.87752, 18.61234], [73.877372, 18.612037], [73.877792, 18.611865], [73.877618, 18.611414], [73.87704, 18.611475], [73.873937, 18.613053], [73.871654, 18.612687], [73.871721, 18.613714], [73.871488, 18.613894], [73.871633, 18.614691], [73.870663, 18.614974], [73.869734, 18.615208], [73.868298, 18.61566], [73.868471, 18.617028], [73.868461, 18.617393], [73.868523, 18.617711], [73.868579, 18.618526], [73.868612, 18.618738], [73.868796, 18.619545], [73.867553, 18.619642], [73.866988, 18.619782], [73.865883, 18.620037], [73.865093, 18.620108], [73.864208, 18.620169], [73.864923, 18.622188], [73.86546, 18.623886], [73.866105, 18.625508], [73.866844, 18.626834], [73.867683, 18.628663], [73.868292, 18.62979], [73.869005, 18.629588], [73.870072, 18.630671], [73.870354, 18.631016], [73.871232, 18.632263], [73.871979, 18.633491], [73.872644, 18.636042]]]}}, {"type": "Feature", "properties": {"name": "32, Zone E", "zone": "E", "wardnum": "32"}, "geometry": {"type": "Polygon", "coordinates": [[[73.860071, 18.624819], [73.860634, 18.624976], [73.864877, 18.627214], [73.866466, 18.628045], [73.86774, 18.628756], [73.866811, 18.626767], [73.866099, 18.625488], [73.865478, 18.62397], [73.865276, 18.623329], [73.864747, 18.621691], [73.864234, 18.620222], [73.863533, 18.618219], [73.863286, 18.617743], [73.862681, 18.617753], [73.862101, 18.617931], [73.861339, 18.618273], [73.860493, 18.618433], [73.859471, 18.618679], [73.858506, 18.61901], [73.858371, 18.619072], [73.85792, 18.61755], [73.857181, 18.617637], [73.85452, 18.617563], [73.853957, 18.617595], [73.854057, 18.618726], [73.854169, 18.61922], [73.854538, 18.620259], [73.855247, 18.620112], [73.855376, 18.620484], [73.855385, 18.620515], [73.8557, 18.621279], [73.856117, 18.622295], [73.856472, 18.622977], [73.856718, 18.624262], [73.857824, 18.624437], [73.858711, 18.62459], [73.860071, 18.624819]]]}}, {"type": "Feature", "properties": {"name": "33, Zone E", "zone": "E", "wardnum": "33"}, "geometry": {"type": "Polygon", "coordinates": [[[73.85152, 18.623769], [73.852952, 18.624945], [73.854317, 18.625966], [73.854782, 18.626588], [73.855205, 18.626941], [73.855417, 18.626828], [73.857793, 18.626682], [73.858634, 18.626595], [73.85861, 18.626212], [73.858711, 18.62459], [73.857804, 18.624433], [73.856715, 18.624262], [73.856476, 18.622994], [73.856083, 18.622227], [73.855921, 18.621806], [73.855368, 18.620493], [73.85523, 18.620111], [73.854543, 18.620272], [73.854147, 18.619178], [73.85348, 18.619421], [73.853464, 18.619622], [73.852352, 18.620002], [73.852115, 18.619992], [73.851889, 18.619973], [73.85135, 18.619904], [73.85106, 18.620767], [73.85086, 18.620831], [73.851094, 18.621492], [73.851216, 18.622004], [73.85152, 18.623769]]]}}, {"type": "Feature", "properties": {"name": "34, Zone E", "zone": "E", "wardnum": "34"}, "geometry": {"type": "Polygon", "coordinates": [[[73.85144, 18.616408], [73.849257, 18.616204], [73.848854, 18.612555], [73.849079, 18.611708], [73.848542, 18.612156], [73.847104, 18.613866], [73.843788, 18.617367], [73.844168, 18.618747], [73.84432, 18.618859], [73.844751, 18.61916], [73.844898, 18.619904], [73.845976, 18.620189], [73.847807, 18.620622], [73.848748, 18.620492], [73.849722, 18.620545], [73.850648, 18.62037], [73.85086, 18.620831], [73.851059, 18.620768], [73.85122, 18.620289], [73.851353, 18.619904], [73.851921, 18.619977], [73.852042, 18.619987], [73.852353, 18.620003], [73.853461, 18.619622], [73.853483, 18.619422], [73.854143, 18.619179], [73.853979, 18.617595], [73.852485, 18.617677], [73.851703, 18.617711], [73.85144, 18.616408]]]}}, {"type": "Feature", "properties": {"name": "35, Zone E", "zone": "E", "wardnum": "35"}, "geometry": {"type": "Polygon", "coordinates": [[[73.850032, 18.632637], [73.850212, 18.631631], [73.850544, 18.630441], [73.851823, 18.628504], [73.852159, 18.627498], [73.852317, 18.626892], [73.85216, 18.626023], [73.851979, 18.625404], [73.851521, 18.62377], [73.851216, 18.622015], [73.85109, 18.621479], [73.85086, 18.620831], [73.85065, 18.62037], [73.849725, 18.620544], [73.848753, 18.620492], [73.847803, 18.620622], [73.845979, 18.62019], [73.844997, 18.619932], [73.845045, 18.620061], [73.845189, 18.620379], [73.845209, 18.620544], [73.845221, 18.621173], [73.845269, 18.62151], [73.845309, 18.621744], [73.845302, 18.621986], [73.845371, 18.622224], [73.845467, 18.622511], [73.845482, 18.622675], [73.845443, 18.622756], [73.84536, 18.62288], [73.845357, 18.622952], [73.845345, 18.62319], [73.845302, 18.62337], [73.845287, 18.623569], [73.845333, 18.623897], [73.84538, 18.623981], [73.84543, 18.624108], [73.845432, 18.624219], [73.845492, 18.625092], [73.845509, 18.625852], [73.845506, 18.62639], [73.845519, 18.626564], [73.845514, 18.626616], [73.84554, 18.626983], [73.845586, 18.627163], [73.845617, 18.627334], [73.845689, 18.627419], [73.845833, 18.627541], [73.846024, 18.627643], [73.846194, 18.627699], [73.846418, 18.62769], [73.846524, 18.627728], [73.846602, 18.627836], [73.846595, 18.627964], [73.846638, 18.628347], [73.846706, 18.628711], [73.846993, 18.629249], [73.847271, 18.629944], [73.847393, 18.630315], [73.847258, 18.630692], [73.846968, 18.631107], [73.846802, 18.631399], [73.846755, 18.631718], [73.846757, 18.63199], [73.846769, 18.632189], [73.847228, 18.632088], [73.850032, 18.632637]]]}}, {"type": "Feature", "properties": {"name": "36, Zone E", "zone": "E", "wardnum": "36"}, "geometry": {"type": "Polygon", "coordinates": [[[73.841664, 18.616463], [73.842347, 18.618772], [73.841152, 18.620378], [73.840289, 18.621494], [73.84082, 18.621885], [73.840951, 18.622005], [73.84063, 18.62349], [73.841979, 18.623775], [73.841624, 18.625623], [73.841208, 18.627656], [73.840817, 18.62965], [73.840759, 18.629735], [73.840676, 18.629887], [73.840013, 18.630598], [73.838105, 18.632659], [73.838463, 18.632882], [73.842826, 18.631825], [73.84304, 18.632059], [73.843199, 18.63267], [73.844044, 18.632448], [73.84645, 18.631861], [73.846633, 18.631895], [73.846763, 18.632176], [73.846769, 18.632189], [73.846758, 18.631993], [73.846754, 18.631718], [73.846802, 18.631402], [73.846963, 18.631115], [73.847069, 18.630963], [73.847257, 18.630691], [73.847393, 18.630314], [73.847269, 18.629939], [73.846998, 18.62926], [73.846706, 18.628711], [73.846639, 18.628349], [73.846596, 18.627961], [73.846602, 18.627836], [73.846523, 18.627729], [73.84642, 18.62769], [73.846195, 18.627699], [73.846073, 18.627659], [73.846024, 18.627643], [73.845833, 18.627541], [73.84569, 18.62742], [73.845617, 18.627334], [73.845587, 18.62717], [73.84554, 18.626981], [73.845515, 18.626611], [73.845519, 18.626571], [73.845506, 18.626387], [73.845509, 18.625891], [73.845501, 18.625432], [73.845492, 18.625085], [73.845475, 18.624838], [73.845454, 18.62454], [73.845432, 18.624226], [73.84543, 18.624109], [73.845381, 18.623985], [73.845333, 18.623897], [73.845287, 18.623569], [73.845302, 18.623374], [73.845345, 18.623187], [73.845361, 18.622879], [73.845442, 18.622757], [73.845481, 18.622675], [73.845466, 18.622511], [73.845372, 18.622226], [73.845301, 18.621982], [73.84531, 18.621746], [73.845267, 18.6215], [73.845221, 18.621176], [73.845212, 18.620557], [73.845194, 18.620386], [73.845147, 18.620292], [73.845048, 18.620073], [73.844999, 18.619931], [73.844896, 18.619907], [73.844753, 18.619169], [73.844171, 18.618754], [73.84379, 18.617363], [73.845334, 18.615728], [73.843459, 18.616071], [73.841664, 18.616463]]]}}, {"type": "Feature", "properties": {"name": "37, Zone C", "zone": "C", "wardnum": "37"}, "geometry": {"type": "Polygon", "coordinates": [[[73.824889, 18.614338], [73.824282, 18.612805], [73.82406, 18.612058], [73.823615, 18.610129], [73.823006, 18.608143], [73.822329, 18.60698], [73.822009, 18.607224], [73.817542, 18.612438], [73.817687, 18.612616], [73.817874, 18.612848], [73.818057, 18.612923], [73.818135, 18.613006], [73.818149, 18.613212], [73.81821, 18.613632], [73.818298, 18.613891], [73.818391, 18.61411], [73.818397, 18.614291], [73.818517, 18.614471], [73.818576, 18.614642], [73.818749, 18.61482], [73.818991, 18.615106], [73.819115, 18.615411], [73.819276, 18.615651], [73.819375, 18.615889], [73.819385, 18.616193], [73.819486, 18.616408], [73.819693, 18.616719], [73.819938, 18.616969], [73.820201, 18.617296], [73.82083, 18.617844], [73.821061, 18.618077], [73.821169, 18.618178], [73.821368, 18.618412], [73.821512, 18.618596], [73.821658, 18.618799], [73.822085, 18.618917], [73.82233, 18.618968], [73.822575, 18.619096], [73.822557, 18.619301], [73.822363, 18.619432], [73.822355, 18.619574], [73.822442, 18.619953], [73.822623, 18.620457], [73.822766, 18.62055], [73.822948, 18.620663], [73.823059, 18.620757], [73.823245, 18.621034], [73.823226, 18.621196], [73.823183, 18.621564], [73.823136, 18.621893], [73.82296, 18.622274], [73.822757, 18.622631], [73.822843, 18.623002], [73.822903, 18.623263], [73.822998, 18.623676], [73.823164, 18.623987], [73.823518, 18.624077], [73.823785, 18.62409], [73.824034, 18.624059], [73.824149, 18.624022], [73.82455, 18.623962], [73.824753, 18.62399], [73.824795, 18.624057], [73.824714, 18.624337], [73.824621, 18.624647], [73.82453, 18.624821], [73.824427, 18.624928], [73.824382, 18.624961], [73.824153, 18.625132], [73.823992, 18.625368], [73.823784, 18.625665], [73.823729, 18.625728], [73.823673, 18.625794], [73.823573, 18.62591], [73.823517, 18.625976], [73.82337, 18.626158], [73.82316, 18.626312], [73.822984, 18.626416], [73.822804, 18.626364], [73.822682, 18.626328], [73.822618, 18.626309], [73.822204, 18.62622], [73.821929, 18.626278], [73.821849, 18.626417], [73.82184, 18.6267], [73.822077, 18.627058], [73.822229, 18.627344], [73.822325, 18.627491], [73.82242, 18.627559], [73.822496, 18.627613], [73.822689, 18.627944], [73.822854, 18.628388], [73.822927, 18.628544], [73.822991, 18.628694], [73.823337, 18.629093], [73.82348, 18.629242], [73.823784, 18.629423], [73.824031, 18.629681], [73.824284, 18.629928], [73.824396, 18.630176], [73.824481, 18.630619], [73.824494, 18.630682], [73.825291, 18.630872], [73.82752, 18.63281], [73.828866, 18.631342], [73.83008, 18.632427], [73.829411, 18.633235], [73.828262, 18.634564], [73.829216, 18.635291], [73.830076, 18.636005], [73.830865, 18.636643], [73.831342, 18.636059], [73.831824, 18.635544], [73.833425, 18.633836], [73.833849, 18.633338], [73.834311, 18.633723], [73.835199, 18.63445], [73.835622, 18.634761], [73.835964, 18.635022], [73.838078, 18.632637], [73.838311, 18.63242], [73.839222, 18.63141], [73.839427, 18.631216], [73.839893, 18.630704], [73.840247, 18.630293], [73.84066, 18.629856], [73.840792, 18.62966], [73.840896, 18.629136], [73.841006, 18.628604], [73.841129, 18.627927], [73.841212, 18.627592], [73.841647, 18.62538], [73.8419063, 18.6239627], [73.841946, 18.623746], [73.8419063, 18.6237385], [73.840647, 18.623499], [73.840936, 18.621956], [73.840703, 18.621839], [73.840435, 18.621624], [73.84029, 18.621445], [73.841084, 18.620496], [73.841134, 18.620465], [73.841382, 18.620078], [73.8419063, 18.619458], [73.842308, 18.618983], [73.842362, 18.618816], [73.8419063, 18.6171932], [73.841703, 18.616469], [73.841291, 18.616602], [73.839944, 18.617195], [73.838403, 18.617867], [73.837534, 18.618123], [73.831062, 18.618908], [73.829927, 18.61902], [73.828975, 18.618908], [73.826317, 18.617821], [73.825981, 18.617488], [73.825661, 18.617001], [73.824889, 18.614338]]]}}, {"type": "Feature", "properties": {"name": "38, Zone C", "zone": "C", "wardnum": "38"}, "geometry": {"type": "Polygon", "coordinates": [[[73.81961, 18.626294], [73.819265, 18.626298], [73.819315, 18.627263], [73.819351, 18.627824], [73.819385, 18.628297], [73.819391, 18.628688], [73.819437, 18.629322], [73.819454, 18.629533], [73.819557, 18.629713], [73.819591, 18.629876], [73.819646, 18.630312], [73.819706, 18.630991], [73.81974, 18.631229], [73.819804, 18.632057], [73.820406, 18.632128], [73.820753, 18.632291], [73.820811, 18.632487], [73.821099, 18.633279], [73.821274, 18.633846], [73.821274, 18.634246], [73.821561, 18.634255], [73.821551, 18.634946], [73.821833, 18.634981], [73.822032, 18.634766], [73.822791, 18.634572], [73.823988, 18.634251], [73.824149, 18.63421], [73.82397, 18.633681], [73.823938, 18.633462], [73.823921, 18.633349], [73.823905, 18.633253], [73.823889, 18.633155], [73.823878, 18.633128], [73.823813, 18.632966], [73.823811, 18.632947], [73.823793, 18.632584], [73.823787, 18.632455], [73.823798, 18.632272], [73.823823, 18.631908], [73.823863, 18.631811], [73.823904, 18.631709], [73.824086, 18.631469], [73.824112, 18.631434], [73.824152, 18.631405], [73.82427, 18.631315], [73.824375, 18.631082], [73.824438, 18.630865], [73.824492, 18.630684], [73.824395, 18.63017], [73.824282, 18.629929], [73.824076, 18.629724], [73.823914, 18.629558], [73.823786, 18.629427], [73.82348, 18.629243], [73.823449, 18.62921], [73.823288, 18.62904], [73.823218, 18.628959], [73.823113, 18.628836], [73.822996, 18.628699], [73.822849, 18.628376], [73.822801, 18.628247], [73.822734, 18.62807], [73.822682, 18.627935], [73.822496, 18.627612], [73.822326, 18.627492], [73.82223, 18.627346], [73.822138, 18.627171], [73.822081, 18.627066], [73.822053, 18.627019], [73.821841, 18.626701], [73.821683, 18.626756], [73.821554, 18.626801], [73.821419, 18.626789], [73.821324, 18.626781], [73.821107, 18.626643], [73.82094, 18.626479], [73.820404, 18.626381], [73.819971, 18.626339], [73.81961, 18.626294]]]}}, {"type": "Feature", "properties": {"name": "39, Zone C", "zone": "C", "wardnum": "39"}, "geometry": {"type": "Polygon", "coordinates": [[[73.817874, 18.612847], [73.817542, 18.612438], [73.816565, 18.613577], [73.816721, 18.614269], [73.816805, 18.614716], [73.816895, 18.615388], [73.817029, 18.61655], [73.817362, 18.618417], [73.817667, 18.620156], [73.817477, 18.620341], [73.816715, 18.622507], [73.816689, 18.622577], [73.816644, 18.623045], [73.81667, 18.623123], [73.816957, 18.623096], [73.817502, 18.622971], [73.818236, 18.6228], [73.81844, 18.623491], [73.818812, 18.62479], [73.819012, 18.625481], [73.81912, 18.62588], [73.819264, 18.626298], [73.819608, 18.626294], [73.819977, 18.626339], [73.820157, 18.626356], [73.820418, 18.626383], [73.82094, 18.626479], [73.821107, 18.626643], [73.821323, 18.62678], [73.821554, 18.626801], [73.821841, 18.626701], [73.821848, 18.626419], [73.82193, 18.626278], [73.822202, 18.62622], [73.822298, 18.626239], [73.822625, 18.626312], [73.822983, 18.626416], [73.823156, 18.626315], [73.823367, 18.626161], [73.823564, 18.62592], [73.823786, 18.625662], [73.8239, 18.6255], [73.824155, 18.625132], [73.824428, 18.624925], [73.82453, 18.624819], [73.82462, 18.62465], [73.824679, 18.624452], [73.824719, 18.624322], [73.824795, 18.624054], [73.824754, 18.62399], [73.824552, 18.623962], [73.824158, 18.62402], [73.824024, 18.62406], [73.82379, 18.624088], [73.823524, 18.624076], [73.823166, 18.623991], [73.822997, 18.62367], [73.822874, 18.623139], [73.822802, 18.622818], [73.822761, 18.622633], [73.822957, 18.622281], [73.823137, 18.621888], [73.823196, 18.621466], [73.823245, 18.621033], [73.823059, 18.620757], [73.822947, 18.620662], [73.822759, 18.620544], [73.822622, 18.620457], [73.82255, 18.620272], [73.822478, 18.620058], [73.822439, 18.619946], [73.822354, 18.619571], [73.822363, 18.619431], [73.822558, 18.619302], [73.822575, 18.619095], [73.82233, 18.618969], [73.822095, 18.61892], [73.821932, 18.618876], [73.821657, 18.618799], [73.821497, 18.618569], [73.821307, 18.618343], [73.821168, 18.618176], [73.820829, 18.617842], [73.820217, 18.617311], [73.819948, 18.616988], [73.819677, 18.616701], [73.819495, 18.61642], [73.81938, 18.616201], [73.819379, 18.615903], [73.819275, 18.615649], [73.819116, 18.61542], [73.818989, 18.615106], [73.818812, 18.614893], [73.818574, 18.614639], [73.818518, 18.614477], [73.818397, 18.614292], [73.818391, 18.614107], [73.818306, 18.613915], [73.818213, 18.613634], [73.818147, 18.61322], [73.818136, 18.613007], [73.818056, 18.612923], [73.817874, 18.612847]]]}}, {"type": "Feature", "properties": {"name": "40, Zone C", "zone": "C", "wardnum": "40"}, "geometry": {"type": "Polygon", "coordinates": [[[73.819874, 18.632747], [73.819803, 18.632055], [73.819739, 18.631226], [73.819705, 18.630983], [73.819641, 18.63027], [73.819589, 18.629862], [73.819556, 18.629712], [73.819453, 18.62953], [73.81939, 18.628686], [73.819388, 18.628329], [73.819339, 18.627656], [73.819311, 18.627242], [73.819282, 18.626593], [73.819264, 18.626298], [73.819121, 18.625887], [73.818877, 18.625012], [73.818239, 18.622799], [73.816957, 18.623096], [73.81667, 18.623123], [73.816644, 18.623047], [73.816689, 18.622579], [73.81701, 18.621671], [73.817477, 18.620342], [73.817667, 18.620155], [73.817034, 18.616563], [73.816943, 18.615826], [73.816891, 18.615353], [73.816809, 18.614736], [73.816723, 18.614272], [73.816564, 18.613577], [73.817538, 18.612425], [73.817438, 18.612297], [73.817663, 18.611848], [73.817786, 18.611646], [73.817745, 18.611549], [73.817703, 18.611448], [73.817625, 18.611335], [73.817539, 18.611191], [73.816313, 18.612052], [73.813003, 18.614263], [73.808975, 18.616972], [73.807809, 18.617782], [73.806909, 18.618396], [73.806173, 18.618988], [73.805627, 18.619477], [73.804875, 18.620259], [73.804731, 18.620418], [73.8049, 18.620489], [73.804941, 18.62053], [73.804969, 18.620621], [73.805072, 18.62073], [73.806139, 18.621451], [73.806544, 18.621722], [73.807834, 18.622687], [73.808376, 18.623089], [73.807812, 18.623743], [73.808077, 18.623986], [73.808208, 18.624132], [73.808416, 18.624365], [73.808527, 18.624679], [73.808668, 18.624872], [73.808741, 18.62498], [73.808891, 18.625136], [73.809044, 18.625242], [73.809433, 18.625324], [73.809554, 18.625637], [73.809506, 18.626229], [73.809539, 18.626405], [73.80965, 18.626553], [73.810103, 18.626851], [73.810321, 18.626862], [73.810722, 18.626842], [73.810891, 18.626872], [73.81092, 18.627071], [73.811012, 18.627566], [73.811085, 18.628049], [73.811159, 18.628403], [73.811386, 18.62921], [73.810734, 18.629297], [73.809462, 18.629298], [73.808247, 18.629175], [73.80774, 18.629114], [73.807834, 18.629872], [73.807733, 18.630059], [73.807738, 18.631514], [73.807827, 18.632165], [73.807953, 18.633218], [73.807093, 18.633291], [73.806969, 18.633632], [73.807464, 18.633572], [73.809433, 18.633371], [73.811608, 18.633259], [73.815675, 18.63304], [73.819874, 18.632747]]]}}, {"type": "Feature", "properties": {"name": "41, Zone C", "zone": "C", "wardnum": "41"}, "geometry": {"type": "Polygon", "coordinates": [[[73.804899, 18.62049], [73.804729, 18.620417], [73.804146, 18.621067], [73.803248, 18.622081], [73.802237, 18.623114], [73.80093, 18.624545], [73.799306, 18.626332], [73.797931, 18.627838], [73.797163, 18.628681], [73.797278, 18.628866], [73.797314, 18.629048], [73.797356, 18.629161], [73.797386, 18.629281], [73.797358, 18.629768], [73.797453, 18.629885], [73.797612, 18.629901], [73.797697, 18.629953], [73.797779, 18.63004], [73.79777, 18.630166], [73.797637, 18.630228], [73.797573, 18.630295], [73.797556, 18.630522], [73.797676, 18.630721], [73.797813, 18.630929], [73.797964, 18.631095], [73.79803, 18.631201], [73.798095, 18.631287], [73.798114, 18.631496], [73.798073, 18.631607], [73.79807, 18.631695], [73.79818, 18.631803], [73.798346, 18.632194], [73.798525, 18.63227], [73.798537, 18.63254], [73.798491, 18.632853], [73.798426, 18.633011], [73.798488, 18.633205], [73.799122, 18.633323], [73.799562, 18.633452], [73.800574, 18.632249], [73.801603, 18.631027], [73.802729, 18.629689], [73.803845, 18.628392], [73.804597, 18.627516], [73.805644, 18.626299], [73.80622, 18.626909], [73.806515, 18.627351], [73.807876, 18.628932], [73.807735, 18.629107], [73.809466, 18.629298], [73.810322, 18.629297], [73.810728, 18.629298], [73.811385, 18.629209], [73.811154, 18.628379], [73.811082, 18.628035], [73.811011, 18.627561], [73.810978, 18.627381], [73.810922, 18.627086], [73.810891, 18.626872], [73.810723, 18.626842], [73.810599, 18.626849], [73.810322, 18.626862], [73.810103, 18.626852], [73.809651, 18.626553], [73.809538, 18.626405], [73.809506, 18.62623], [73.809554, 18.625635], [73.809433, 18.625324], [73.809044, 18.625242], [73.808893, 18.625137], [73.808742, 18.624981], [73.808678, 18.624886], [73.808527, 18.624678], [73.808416, 18.624365], [73.808078, 18.623987], [73.807812, 18.623743], [73.808376, 18.623089], [73.807526, 18.622457], [73.80654, 18.621718], [73.80637, 18.621606], [73.805768, 18.6212], [73.805249, 18.620849], [73.805073, 18.620728], [73.804969, 18.620622], [73.804941, 18.62053], [73.804899, 18.62049]]]}}, {"type": "Feature", "properties": {"name": "42, Zone B", "zone": "B", "wardnum": "42"}, "geometry": {"type": "Polygon", "coordinates": [[[73.795938, 18.630166], [73.796066, 18.62999], [73.797212, 18.628762], [73.798173, 18.627656], [73.79974, 18.625853], [73.800907, 18.624585], [73.801385, 18.624007], [73.80119, 18.623829], [73.800915, 18.624108], [73.800438, 18.623739], [73.799819, 18.623315], [73.799626, 18.623243], [73.798973, 18.622681], [73.798404, 18.623279], [73.798313, 18.62317], [73.798083, 18.623064], [73.798104, 18.622997], [73.797907, 18.622858], [73.797824, 18.622955], [73.797669, 18.623178], [73.797208, 18.623691], [73.796942, 18.623887], [73.796583, 18.62426], [73.796289, 18.624461], [73.795663, 18.624708], [73.795293, 18.625102], [73.794911, 18.625369], [73.794511, 18.625647], [73.794558, 18.625729], [73.794719, 18.626111], [73.794785, 18.626327], [73.794956, 18.626877], [73.795055, 18.627358], [73.795226, 18.62782], [73.795443, 18.628251], [73.795761, 18.628789], [73.795586, 18.628952], [73.795271, 18.629266], [73.795249, 18.629283], [73.795319, 18.629406], [73.795656, 18.629379], [73.795938, 18.630166]]]}}, {"type": "Feature", "properties": {"name": "43, Zone D", "zone": "D", "wardnum": "43"}, "geometry": {"type": "Polygon", "coordinates": [[[73.801432, 18.623981], [73.802612, 18.622761], [73.803234, 18.622008], [73.804178, 18.621073], [73.80383, 18.620255], [73.803433, 18.619019], [73.802633, 18.616742], [73.801759, 18.616976], [73.800852, 18.617088], [73.800461, 18.617103], [73.799849, 18.617128], [73.79953, 18.617306], [73.799238, 18.617565], [73.798991, 18.617799], [73.798905, 18.617962], [73.798819, 18.618559], [73.798784, 18.618951], [73.798253, 18.618951], [73.79799, 18.619042], [73.798245, 18.62086], [73.798192, 18.621398], [73.798074, 18.622039], [73.797784, 18.622771], [73.797891, 18.622855], [73.7981, 18.622997], [73.798079, 18.623066], [73.798312, 18.623175], [73.798403, 18.623279], [73.798977, 18.622677], [73.799667, 18.623274], [73.800364, 18.623696], [73.800933, 18.624138], [73.80119, 18.623844], [73.801405, 18.624027], [73.801432, 18.623981]]]}}, {"type": "Feature", "properties": {"name": "44, Zone D", "zone": "D", "wardnum": "44"}, "geometry": {"type": "Polygon", "coordinates": [[[73.80739, 18.61464], [73.806399, 18.613217], [73.806307, 18.613129], [73.806188, 18.613053], [73.805782, 18.612754], [73.805312, 18.612409], [73.804678, 18.611941], [73.804407, 18.611859], [73.804067, 18.611787], [73.803782, 18.611687], [73.803353, 18.611618], [73.802825, 18.611566], [73.802591, 18.611487], [73.801968, 18.611146], [73.801697, 18.611035], [73.801551, 18.611021], [73.801271, 18.611018], [73.8009, 18.610975], [73.800549, 18.610968], [73.800554, 18.611016], [73.800659, 18.611379], [73.80073, 18.611776], [73.800736, 18.612011], [73.800666, 18.612773], [73.800598, 18.613964], [73.800622, 18.614645], [73.800668, 18.615141], [73.800713, 18.615449], [73.800777, 18.61567], [73.800846, 18.617055], [73.801748, 18.616949], [73.802648, 18.616701], [73.803236, 18.618416], [73.803662, 18.619628], [73.803859, 18.620297], [73.804074, 18.620788], [73.804178, 18.621039], [73.804712, 18.620419], [73.805084, 18.620049], [73.805813, 18.619293], [73.806184, 18.618989], [73.806145, 18.61875], [73.805936, 18.617557], [73.805767, 18.616621], [73.805611, 18.615904], [73.805447, 18.615262], [73.805367, 18.614869], [73.80539, 18.614845], [73.806079, 18.614793], [73.806655, 18.614727], [73.80739, 18.61464]]]}}, {"type": "Feature", "properties": {"name": "45, Zone D", "zone": "D", "wardnum": "45"}, "geometry": {"type": "Polygon", "coordinates": [[[73.796983, 18.607824], [73.796711, 18.608282], [73.796607, 18.608436], [73.796493, 18.608818], [73.796538, 18.609205], [73.79666, 18.609511], [73.796911, 18.609994], [73.797276, 18.610728], [73.797369, 18.610989], [73.797463, 18.611265], [73.797594, 18.611877], [73.797553, 18.612339], [73.797441, 18.613141], [73.797327, 18.6137], [73.797166, 18.614251], [73.796965, 18.61484], [73.796842, 18.615188], [73.796765, 18.615651], [73.796706, 18.616021], [73.796702, 18.616125], [73.796701, 18.616173], [73.79669, 18.616535], [73.796689, 18.61654], [73.796842, 18.617085], [73.796944, 18.617298], [73.797308, 18.617964], [73.797979, 18.619035], [73.798243, 18.618946], [73.79878, 18.618927], [73.79882, 18.618553], [73.798924, 18.61796], [73.799083, 18.617677], [73.799698, 18.617148], [73.800042, 18.617099], [73.800624, 18.617074], [73.800845, 18.617049], [73.800835, 18.616864], [73.800798, 18.616066], [73.800774, 18.615671], [73.800714, 18.61545], [73.800667, 18.61513], [73.800626, 18.6147], [73.800597, 18.613966], [73.800618, 18.613675], [73.800663, 18.612793], [73.800736, 18.612009], [73.800727, 18.611771], [73.80066, 18.611381], [73.800555, 18.61102], [73.800548, 18.610969], [73.800897, 18.610976], [73.801288, 18.611019], [73.801557, 18.611015], [73.801711, 18.611043], [73.801973, 18.611144], [73.802592, 18.611491], [73.802818, 18.611562], [73.803435, 18.611628], [73.803766, 18.611682], [73.804056, 18.611783], [73.804404, 18.611858], [73.803984, 18.610695], [73.803893, 18.609065], [73.803873, 18.608672], [73.803354, 18.608647], [73.803337, 18.608365], [73.803757, 18.608236], [73.803372, 18.603383], [73.803293, 18.603284], [73.80298, 18.603293], [73.802386, 18.603313], [73.802104, 18.603363], [73.801747, 18.603349], [73.801196, 18.603231], [73.801003, 18.603125], [73.800645, 18.602917], [73.800359, 18.602844], [73.799917, 18.602879], [73.799381, 18.603008], [73.799048, 18.603128], [73.798602, 18.603453], [73.7981, 18.603744], [73.797726, 18.604261], [73.79732, 18.60513], [73.797059, 18.60628], [73.797099, 18.606632], [73.797115, 18.606943], [73.796983, 18.607824]]]}}, {"type": "Feature", "properties": {"name": "46, Zone D", "zone": "D", "wardnum": "46"}, "geometry": {"type": "Polygon", "coordinates": [[[73.784995, 18.616509], [73.784904, 18.616769], [73.785106, 18.616803], [73.785319, 18.616926], [73.785632, 18.617212], [73.78578, 18.617435], [73.786266, 18.6177], [73.786788, 18.618092], [73.787248, 18.618496], [73.78756, 18.618776], [73.787694, 18.618872], [73.788026, 18.619389], [73.788483, 18.62025], [73.788694, 18.620615], [73.788859, 18.621105], [73.788973, 18.621346], [73.788987, 18.621706], [73.789048, 18.621961], [73.789052, 18.622582], [73.789023, 18.623164], [73.788925, 18.623903], [73.788839, 18.624207], [73.788738, 18.624512], [73.788721, 18.62478], [73.788666, 18.625179], [73.788631, 18.626135], [73.78871, 18.626507], [73.788832, 18.626878], [73.788938, 18.627057], [73.789036, 18.627143], [73.789154, 18.627263], [73.789459, 18.627591], [73.789749, 18.627816], [73.790051, 18.627951], [73.790455, 18.627998], [73.790873, 18.6279], [73.791202, 18.627829], [73.791606, 18.62745], [73.791846, 18.627164], [73.792088, 18.62695], [73.792373, 18.626825], [73.79247, 18.626679], [73.792619, 18.626554], [73.792924, 18.626247], [73.793327, 18.625956], [73.79386, 18.62558], [73.794405, 18.625144], [73.794837, 18.624817], [73.795911, 18.62412], [73.796287, 18.623884], [73.796604, 18.623654], [73.796921, 18.623347], [73.797188, 18.622985], [73.797378, 18.62265], [73.797774, 18.621656], [73.797761, 18.621325], [73.797662, 18.620437], [73.797442, 18.619775], [73.797167, 18.619222], [73.796852, 18.618203], [73.796734, 18.617983], [73.796454, 18.617406], [73.796264, 18.616877], [73.796128, 18.616814], [73.794389, 18.616982], [73.793884, 18.616982], [73.793327, 18.616979], [73.792778, 18.616966], [73.792784, 18.616603], [73.790718, 18.616947], [73.79032, 18.617105], [73.790195, 18.617038], [73.789757, 18.616689], [73.789072, 18.61639], [73.78839, 18.616234], [73.787271, 18.616005], [73.78642, 18.615883], [73.785713, 18.615663], [73.78555, 18.61548], [73.785398, 18.615403], [73.784995, 18.616509]]]}}, {"type": "Feature", "properties": {"name": "47, Zone D", "zone": "D", "wardnum": "47"}, "geometry": {"type": "Polygon", "coordinates": [[[73.795462, 18.61688], [73.796113, 18.616826], [73.796163, 18.615854], [73.796388, 18.615159], [73.796585, 18.614368], [73.796825, 18.613667], [73.796951, 18.613081], [73.796974, 18.612366], [73.797015, 18.611673], [73.796691, 18.611165], [73.796148, 18.610547], [73.79569, 18.610152], [73.79536, 18.609681], [73.795265, 18.608916], [73.795148, 18.608452], [73.794748, 18.608431], [73.794563, 18.608374], [73.794357, 18.608332], [73.794162, 18.608287], [73.793928, 18.608305], [73.793674, 18.608329], [73.793507, 18.608309], [73.793237, 18.608221], [73.792903, 18.608193], [73.792104, 18.608167], [73.791765, 18.608153], [73.791553, 18.608071], [73.791332, 18.607922], [73.791217, 18.607911], [73.790925, 18.60782], [73.790731, 18.607748], [73.790601, 18.607674], [73.790411, 18.607651], [73.790254, 18.607691], [73.789939, 18.607679], [73.789722, 18.607723], [73.789591, 18.607796], [73.78939, 18.608191], [73.789326, 18.608307], [73.789388, 18.608541], [73.789391, 18.608632], [73.788706, 18.608803], [73.788627, 18.608765], [73.788649, 18.609028], [73.788687, 18.609476], [73.788748, 18.610435], [73.788829, 18.610793], [73.788877, 18.611102], [73.788899, 18.611406], [73.788842, 18.611812], [73.788134, 18.611989], [73.788211, 18.612863], [73.7882, 18.612904], [73.787038, 18.613085], [73.786897, 18.613118], [73.786145, 18.613191], [73.785569, 18.613282], [73.785102, 18.613326], [73.784878, 18.613372], [73.784918, 18.613489], [73.785047, 18.613811], [73.785403, 18.61473], [73.785527, 18.615049], [73.785472, 18.615202], [73.785397, 18.615404], [73.78555, 18.61548], [73.785712, 18.615663], [73.78642, 18.615884], [73.787229, 18.615997], [73.787761, 18.616104], [73.788371, 18.616227], [73.789086, 18.616393], [73.789751, 18.61669], [73.789886, 18.616787], [73.790156, 18.617019], [73.790332, 18.617104], [73.790509, 18.617024], [73.790712, 18.616945], [73.792152, 18.616705], [73.792784, 18.616603], [73.79278, 18.616964], [73.793366, 18.616981], [73.794384, 18.616981], [73.795462, 18.61688]]]}}, {"type": "Feature", "properties": {"name": "48, Zone D", "zone": "D", "wardnum": "48"}, "geometry": {"type": "Polygon", "coordinates": [[[73.785065, 18.592315], [73.783663, 18.594615], [73.782612, 18.596356], [73.781927, 18.597438], [73.781491, 18.59809], [73.780562, 18.599464], [73.779693, 18.600732], [73.778619, 18.602305], [73.777868, 18.602962], [73.777121, 18.603606], [73.777147, 18.603666], [73.777642, 18.604224], [73.778756, 18.605493], [73.780557, 18.607665], [73.781614, 18.608946], [73.782066, 18.609487], [73.782576, 18.610104], [73.783018, 18.610652], [73.783303, 18.610989], [73.78364, 18.611398], [73.783868, 18.611673], [73.784029, 18.611869], [73.784336, 18.612241], [73.784519, 18.612461], [73.784661, 18.612815], [73.784879, 18.613371], [73.785119, 18.613322], [73.78548, 18.613292], [73.786315, 18.613171], [73.786879, 18.613127], [73.787006, 18.613086], [73.787729, 18.612973], [73.788209, 18.612903], [73.788134, 18.611992], [73.788544, 18.61189], [73.788699, 18.611851], [73.788784, 18.611839], [73.788855, 18.611794], [73.788902, 18.611403], [73.788876, 18.611079], [73.788835, 18.61083], [73.788751, 18.610449], [73.788685, 18.609447], [73.788626, 18.608763], [73.788487, 18.608809], [73.788053, 18.608935], [73.787621, 18.60916], [73.787384, 18.609198], [73.787114, 18.609285], [73.787013, 18.60841], [73.786865, 18.606955], [73.786561, 18.606997], [73.786149, 18.607015], [73.786093, 18.606939], [73.786538, 18.606244], [73.787046, 18.60528], [73.787145, 18.604732], [73.78795, 18.604504], [73.789925, 18.60389], [73.791154, 18.603435], [73.790292, 18.599488], [73.789942, 18.598153], [73.790038, 18.598084], [73.790248, 18.597954], [73.79053, 18.597823], [73.790691, 18.597625], [73.790389, 18.597229], [73.79028, 18.597146], [73.790001, 18.596956], [73.789881, 18.596848], [73.789505, 18.596501], [73.788306, 18.595426], [73.787773, 18.59495], [73.787028, 18.59396], [73.786067, 18.592961], [73.785196, 18.592223], [73.785065, 18.592315]]]}}, {"type": "Feature", "properties": {"name": "49, Zone B", "zone": "B", "wardnum": "49"}, "geometry": {"type": "Polygon", "coordinates": [[[73.773065, 18.607665], [73.773451, 18.608987], [73.774035, 18.6088], [73.774201, 18.608766], [73.774357, 18.608788], [73.774502, 18.608898], [73.774937, 18.609081], [73.775045, 18.609241], [73.7751, 18.609331], [73.775657, 18.609755], [73.777504, 18.611172], [73.777925, 18.61149], [73.778087, 18.611653], [73.778494, 18.612569], [73.778697, 18.613287], [73.77884, 18.614207], [73.779685, 18.614189], [73.780801, 18.614079], [73.781868, 18.613708], [73.782869, 18.613212], [73.783563, 18.612778], [73.784235, 18.612298], [73.784344, 18.612232], [73.783578, 18.611284], [73.782383, 18.609843], [73.781023, 18.608143], [73.779605, 18.606436], [73.777322, 18.603822], [73.777117, 18.603608], [73.775766, 18.604696], [73.773457, 18.606563], [73.772793, 18.607085], [73.773065, 18.607665]]]}}, {"type": "Feature", "properties": {"name": "50, Zone B", "zone": "B", "wardnum": "50"}, "geometry": {"type": "Polygon", "coordinates": [[[73.764681, 18.616203], [73.764115, 18.616872], [73.765496, 18.619124], [73.767189, 18.624319], [73.76734, 18.624287], [73.767721, 18.624206], [73.76829, 18.624179], [73.768654, 18.624166], [73.768939, 18.62433], [73.76979, 18.62499], [73.770397, 18.625438], [73.770823, 18.625773], [73.772374, 18.626598], [73.773449, 18.627116], [73.773957, 18.627404], [73.774532, 18.627629], [73.7752, 18.627745], [73.775891, 18.627889], [73.77665, 18.627935], [73.777201, 18.627765], [73.777686, 18.627468], [73.777835, 18.627093], [73.777804, 18.626574], [73.777699, 18.626065], [73.777628, 18.625475], [73.777543, 18.624884], [73.777692, 18.624483], [73.777836, 18.624091], [73.778433, 18.62281], [73.778794, 18.62219], [73.779453, 18.621408], [73.780377, 18.620562], [73.780852, 18.619958], [73.781458, 18.619143], [73.782045, 18.618285], [73.782715, 18.617041], [73.783078, 18.616637], [73.783406, 18.616434], [73.783749, 18.616359], [73.784061, 18.616357], [73.784461, 18.616522], [73.784908, 18.616766], [73.784996, 18.616499], [73.785366, 18.615494], [73.785426, 18.615331], [73.785438, 18.615296], [73.785528, 18.615046], [73.785058, 18.61384], [73.784985, 18.613655], [73.784847, 18.613301], [73.784749, 18.613047], [73.784668, 18.612837], [73.784526, 18.612472], [73.784335, 18.61224], [73.784259, 18.612283], [73.783974, 18.612485], [73.783595, 18.612757], [73.782886, 18.613204], [73.781869, 18.613709], [73.780805, 18.61408], [73.779686, 18.61419], [73.77884, 18.614208], [73.7787, 18.613306], [73.778492, 18.612572], [73.778092, 18.611663], [73.77796, 18.611516], [73.777013, 18.610796], [73.77626, 18.610218], [73.775575, 18.609689], [73.7751, 18.609328], [73.774932, 18.609076], [73.774489, 18.608895], [73.774364, 18.608787], [73.774193, 18.608764], [73.774019, 18.608806], [73.773457, 18.608978], [73.773687, 18.609817], [73.774078, 18.611188], [73.774196, 18.611939], [73.77444, 18.613192], [73.774695, 18.614332], [73.774047, 18.614425], [73.773809, 18.614442], [73.773199, 18.614574], [73.772612, 18.614712], [73.771983, 18.614925], [73.771105, 18.615258], [73.77076, 18.615445], [73.769929, 18.6158], [73.769633, 18.615955], [73.769548, 18.616122], [73.769406, 18.616271], [73.768954, 18.616458], [73.768396, 18.616605], [73.767537, 18.616798], [73.767049, 18.616936], [73.765619, 18.615606], [73.765355, 18.615364], [73.764681, 18.616203]]]}}, {"type": "Feature", "properties": {"name": "51, Zone B", "zone": "B", "wardnum": "51"}, "geometry": {"type": "Polygon", "coordinates": [[[73.765355, 18.615364], [73.765542, 18.615536], [73.765914, 18.615879], [73.767049, 18.616936], [73.767531, 18.616799], [73.768408, 18.616602], [73.768949, 18.616461], [73.769406, 18.616271], [73.769552, 18.616119], [73.769632, 18.615956], [73.769896, 18.615815], [73.770748, 18.615451], [73.771099, 18.61526], [73.771532, 18.615095], [73.771901, 18.614956], [73.771987, 18.614922], [73.772306, 18.614816], [73.772609, 18.614714], [73.773194, 18.614575], [73.773812, 18.614443], [73.774028, 18.614428], [73.774695, 18.614333], [73.774426, 18.613121], [73.774202, 18.61196], [73.774074, 18.611163], [73.773725, 18.609959], [73.773072, 18.607682], [73.772793, 18.607089], [73.773444, 18.606578], [73.772738, 18.605432], [73.771655, 18.605836], [73.770631, 18.606182], [73.768987, 18.606669], [73.76826, 18.606827], [73.767062, 18.607083], [73.765112, 18.607791], [73.764339, 18.608063], [73.763731, 18.608058], [73.763457, 18.60804], [73.763228, 18.608017], [73.762977, 18.607989], [73.762694, 18.607966], [73.76242, 18.607949], [73.761723, 18.607915], [73.761248, 18.607899], [73.761176, 18.607884], [73.761329, 18.608932], [73.761474, 18.609741], [73.761539, 18.610063], [73.761628, 18.610406], [73.761763, 18.610724], [73.761806, 18.610939], [73.762138, 18.611591], [73.76239, 18.612434], [73.762605, 18.613019], [73.762746, 18.613145], [73.762824, 18.6133], [73.763094, 18.614187], [73.763805, 18.616311], [73.764114, 18.616874], [73.764676, 18.61621], [73.765355, 18.615364]]]}}, {"type": "Feature", "properties": {"name": "52, Zone B", "zone": "B", "wardnum": "52"}, "geometry": {"type": "Polygon", "coordinates": [[[73.766715, 18.624441], [73.767175, 18.624309], [73.766798, 18.623138], [73.766066, 18.620886], [73.765488, 18.619124], [73.764114, 18.616872], [73.763805, 18.616308], [73.76332, 18.614882], [73.762787, 18.61319], [73.762592, 18.613001], [73.762444, 18.612583], [73.762379, 18.612379], [73.762159, 18.611688], [73.762135, 18.611582], [73.761793, 18.610914], [73.761771, 18.610745], [73.761642, 18.610435], [73.761578, 18.610229], [73.761481, 18.609787], [73.761321, 18.609092], [73.761165, 18.607875], [73.760379, 18.607684], [73.75833, 18.607412], [73.757029, 18.607192], [73.755985, 18.607041], [73.755569, 18.607019], [73.755087, 18.606855], [73.754764, 18.606743], [73.754267, 18.606567], [73.753705, 18.606381], [73.753001, 18.606065], [73.752822, 18.605946], [73.752536, 18.60576], [73.752397, 18.60566], [73.752244, 18.605557], [73.752125, 18.605464], [73.751068, 18.60831], [73.750825, 18.608319], [73.750466, 18.608347], [73.75016, 18.608366], [73.748925, 18.608437], [73.748434, 18.608598], [73.747845, 18.60887], [73.747549, 18.608953], [73.747175, 18.609015], [73.746721, 18.609198], [73.745652, 18.609803], [73.744483, 18.610452], [73.743824, 18.610831], [73.743228, 18.611135], [73.743047, 18.611205], [73.742766, 18.611316], [73.742285, 18.611447], [73.741372, 18.611516], [73.741032, 18.611508], [73.740429, 18.6114], [73.74, 18.611276], [73.739385, 18.611164], [73.739567, 18.612783], [73.73287, 18.614964], [73.731786, 18.615206], [73.730001, 18.615841], [73.729023, 18.616159], [73.727595, 18.616616], [73.726951, 18.616852], [73.726216, 18.617038], [73.725787, 18.617173], [73.725337, 18.617251], [73.72488, 18.617279], [73.723841, 18.617295], [73.723161, 18.617323], [73.722608, 18.61738], [73.722377, 18.617477], [73.723803, 18.620828], [73.724687, 18.623192], [73.724831, 18.623651], [73.725512, 18.625792], [73.72562, 18.626158], [73.725663, 18.626378], [73.725704, 18.626794], [73.725848, 18.627026], [73.725948, 18.627311], [73.725972, 18.627498], [73.726226, 18.627719], [73.726266, 18.627806], [73.726479, 18.628328], [73.726655, 18.62876], [73.726705, 18.629083], [73.726903, 18.629248], [73.726969, 18.629555], [73.727255, 18.629979], [73.72737, 18.630149], [73.727857, 18.63094], [73.727942, 18.631095], [73.728032, 18.631288], [73.728189, 18.631605], [73.728342, 18.631913], [73.728645, 18.632508], [73.728898, 18.633071], [73.729001, 18.633312], [73.729008, 18.633618], [73.729032, 18.633832], [73.729142, 18.634065], [73.729146, 18.634242], [73.729284, 18.634555], [73.729635, 18.635248], [73.729739, 18.635673], [73.729869, 18.635896], [73.730022, 18.636387], [73.730036, 18.636592], [73.730069, 18.636787], [73.730157, 18.636959], [73.730217, 18.637106], [73.730203, 18.637302], [73.730105, 18.637454], [73.730084, 18.637578], [73.730122, 18.637725], [73.73023, 18.637925], [73.730378, 18.638263], [73.730479, 18.63853], [73.730509, 18.638796], [73.730635, 18.639184], [73.730676, 18.639451], [73.730722, 18.639647], [73.73077, 18.639766], [73.730869, 18.639838], [73.730949, 18.640722], [73.730988, 18.640927], [73.731045, 18.641128], [73.731101, 18.641271], [73.731271, 18.641701], [73.731465, 18.642365], [73.731443, 18.642503], [73.731594, 18.642711], [73.731817, 18.643238], [73.731896, 18.643439], [73.732037, 18.64329], [73.732101, 18.643225], [73.732307, 18.643001], [73.732481, 18.642813], [73.732623, 18.642682], [73.73314, 18.642231], [73.734509, 18.641669], [73.735356, 18.641758], [73.73613, 18.64241], [73.736575, 18.643455], [73.736826, 18.6439], [73.73742, 18.644634], [73.737591, 18.644787], [73.737939, 18.644967], [73.738078, 18.644993], [73.738194, 18.644977], [73.738339, 18.644919], [73.738665, 18.644817], [73.738913, 18.644605], [73.739191, 18.644283], [73.739322, 18.64408], [73.739491, 18.643926], [73.739668, 18.643749], [73.739944, 18.643445], [73.74028, 18.643128], [73.740653, 18.642707], [73.741178, 18.642094], [73.741796, 18.64139], [73.742743, 18.640733], [73.744012, 18.640224], [73.745753, 18.639875], [73.746575, 18.639855], [73.747108, 18.63984], [73.747544, 18.639792], [73.747603, 18.639728], [73.747749, 18.63957], [73.747931, 18.6397], [73.749029, 18.639745], [73.749172, 18.640089], [73.749085, 18.640558], [73.749191, 18.640719], [73.749376, 18.640683], [73.749548, 18.640956], [73.749783, 18.641165], [73.749993, 18.641216], [73.750233, 18.64142], [73.750575, 18.641416], [73.751088, 18.641509], [73.751608, 18.641548], [73.752066, 18.641619], [73.752851, 18.641543], [73.753205, 18.64144], [73.753466, 18.641298], [73.753599, 18.64121], [73.753634, 18.641093], [73.753714, 18.64094], [73.753807, 18.640443], [73.753805, 18.639935], [73.753737, 18.639302], [73.753746, 18.63877], [73.753765, 18.637373], [73.753711, 18.636611], [73.753656, 18.635546], [73.753457, 18.63323], [73.753296, 18.63139], [73.754182, 18.630866], [73.754932, 18.630419], [73.756264, 18.629627], [73.757153, 18.629108], [73.759112, 18.628145], [73.761308, 18.626966], [73.762393, 18.626398], [73.763512, 18.625963], [73.765065, 18.625328], [73.765569, 18.625069], [73.765991, 18.624853], [73.766261, 18.624598], [73.766715, 18.624441]]]}}, {"type": "Feature", "properties": {"name": "53, Zone B", "zone": "B", "wardnum": "53"}, "geometry": {"type": "Polygon", "coordinates": [[[73.777123, 18.603604], [73.776159, 18.601788], [73.775314, 18.60017], [73.774864, 18.599311], [73.774318, 18.598284], [73.774062, 18.597531], [73.77394, 18.596336], [73.773872, 18.5955], [73.773654, 18.593099], [73.773643, 18.592935], [73.773489, 18.592341], [73.773396, 18.591979], [73.773341, 18.591499], [73.773271, 18.590938], [73.773313, 18.590775], [73.773356, 18.590648], [73.773452, 18.590311], [73.773537, 18.590029], [73.773487, 18.588593], [73.77251, 18.588227], [73.771971, 18.587997], [73.771446, 18.587805], [73.770766, 18.587566], [73.769313, 18.587415], [73.768808, 18.587435], [73.768378, 18.587484], [73.767283, 18.587784], [73.766407, 18.588084], [73.76471, 18.588534], [73.763486, 18.58867], [73.762257, 18.588729], [73.761787, 18.588746], [73.760798, 18.588345], [73.760009, 18.587869], [73.759054, 18.587288], [73.758568, 18.586914], [73.757715, 18.586204], [73.757531, 18.585801], [73.757041, 18.585564], [73.756053, 18.584927], [73.756235, 18.585518], [73.755774, 18.585826], [73.755764, 18.585471], [73.755089, 18.584943], [73.75504, 18.585238], [73.754742, 18.585541], [73.75424, 18.586378], [73.75406, 18.586676], [73.753785, 18.587135], [73.753932, 18.587664], [73.753706, 18.587837], [73.753418, 18.587759], [73.753, 18.587795], [73.752653, 18.588059], [73.752601, 18.588085], [73.752349, 18.588147], [73.752123, 18.587979], [73.752068, 18.587669], [73.751779, 18.587657], [73.751598, 18.587647], [73.751128, 18.587745], [73.750652, 18.587976], [73.750351, 18.588811], [73.749946, 18.588879], [73.749623, 18.58935], [73.749632, 18.59006], [73.749845, 18.590698], [73.749297, 18.591984], [73.748836, 18.592307], [73.748332, 18.5924], [73.748245, 18.592717], [73.74809, 18.59284], [73.747818, 18.592693], [73.747559, 18.59271], [73.747186, 18.593175], [73.746735, 18.593176], [73.746407, 18.592926], [73.746161, 18.593263], [73.745949, 18.593589], [73.745821, 18.593874], [73.745376, 18.593982], [73.744237, 18.594681], [73.744277, 18.594999], [73.744105, 18.595358], [73.743847, 18.59534], [73.743705, 18.59561], [73.743213, 18.595939], [73.743207, 18.59616], [73.743275, 18.596473], [73.742984, 18.596337], [73.741893, 18.597695], [73.7422, 18.598063], [73.741439, 18.597985], [73.740546, 18.599298], [73.739918, 18.599062], [73.739374, 18.600833], [73.737497, 18.604993], [73.737721, 18.60528], [73.738285, 18.605914], [73.738662, 18.606534], [73.73879, 18.607144], [73.738974, 18.607737], [73.739188, 18.608267], [73.739287, 18.608967], [73.739187, 18.609295], [73.739209, 18.609826], [73.73939, 18.611163], [73.739965, 18.611269], [73.740535, 18.611425], [73.741029, 18.611511], [73.741579, 18.611505], [73.742293, 18.611451], [73.742772, 18.611318], [73.743298, 18.611102], [73.743741, 18.610874], [73.745489, 18.609891], [73.746715, 18.609199], [73.747151, 18.609018], [73.747552, 18.60895], [73.747857, 18.608855], [73.748321, 18.608649], [73.748903, 18.608439], [73.750581, 18.608342], [73.751068, 18.608304], [73.752122, 18.605482], [73.752326, 18.605617], [73.752972, 18.60606], [73.753443, 18.606266], [73.75376, 18.606401], [73.754266, 18.606563], [73.754912, 18.6068], [73.755583, 18.607009], [73.755683, 18.607004], [73.759129, 18.60755], [73.759707, 18.60763], [73.760389, 18.607699], [73.761243, 18.607896], [73.762598, 18.607955], [73.763565, 18.608049], [73.764349, 18.608061], [73.765046, 18.60781], [73.766062, 18.607436], [73.767089, 18.607072], [73.768997, 18.606664], [73.771178, 18.605999], [73.772745, 18.605436], [73.773029, 18.605901], [73.773444, 18.606569], [73.777123, 18.603604]]]}}, {"type": "Feature", "properties": {"name": "54, Zone D", "zone": "D", "wardnum": "54"}, "geometry": {"type": "Polygon", "coordinates": [[[73.795876, 18.567282], [73.796159, 18.567124], [73.795881, 18.566866], [73.795302, 18.566254], [73.795003, 18.565824], [73.79443, 18.565235], [73.794179, 18.565083], [73.793873, 18.564843], [73.793574, 18.564602], [73.792991, 18.564299], [73.792818, 18.564223], [73.792337, 18.564032], [73.79159, 18.563896], [73.790947, 18.563864], [73.790127, 18.563993], [73.78926, 18.564284], [73.788657, 18.565263], [73.788513, 18.565745], [73.788572, 18.566514], [73.788703, 18.567128], [73.788883, 18.567345], [73.789223, 18.567535], [73.789529, 18.567539], [73.789687, 18.567661], [73.79021, 18.568584], [73.790231, 18.569211], [73.79024, 18.569457], [73.790329, 18.569808], [73.790271, 18.570157], [73.790259, 18.570314], [73.790219, 18.570725], [73.790196, 18.570862], [73.790153, 18.571094], [73.790025, 18.571405], [73.790001, 18.571866], [73.789397, 18.572403], [73.78775, 18.573418], [73.786039, 18.574542], [73.785443, 18.574937], [73.784763, 18.575519], [73.784089, 18.576104], [73.783087, 18.5769], [73.782817, 18.577099], [73.781937, 18.577747], [73.781378, 18.578223], [73.78106, 18.578806], [73.780922, 18.579632], [73.780636, 18.580488], [73.780464, 18.580997], [73.780286, 18.581527], [73.780149, 18.581984], [73.779969, 18.582594], [73.779573, 18.583685], [73.77944, 18.583966], [73.779084, 18.584709], [73.779201, 18.585087], [73.779081, 18.58567], [73.778693, 18.586235], [73.778578, 18.586373], [73.778225, 18.586789], [73.778004, 18.587023], [73.777589, 18.587459], [73.776685, 18.587937], [73.775985, 18.588481], [73.775292, 18.588654], [73.775219, 18.588655], [73.774906, 18.588671], [73.774521, 18.588688], [73.773483, 18.588581], [73.773533, 18.590036], [73.773463, 18.590245], [73.773415, 18.590451], [73.773277, 18.590892], [73.773319, 18.591396], [73.773393, 18.591796], [73.773474, 18.592284], [73.773644, 18.592879], [73.773659, 18.59329], [73.77371, 18.593954], [73.773792, 18.594542], [73.773855, 18.595314], [73.773909, 18.596052], [73.774038, 18.597449], [73.774332, 18.598296], [73.775404, 18.600359], [73.776346, 18.602134], [73.777124, 18.603604], [73.778574, 18.602349], [73.779053, 18.601673], [73.781037, 18.598764], [73.781932, 18.59743], [73.782519, 18.596499], [73.784006, 18.594051], [73.785056, 18.592324], [73.78518, 18.592234], [73.785412, 18.591939], [73.785449, 18.590207], [73.785486, 18.588401], [73.78549, 18.588223], [73.785241, 18.587995], [73.784763, 18.586814], [73.78492, 18.586672], [73.784781, 18.586395], [73.784835, 18.586326], [73.784934, 18.586169], [73.78499, 18.586041], [73.785126, 18.585737], [73.785312, 18.585484], [73.785471, 18.585196], [73.785635, 18.584872], [73.785797, 18.584583], [73.786224, 18.583787], [73.786629, 18.583102], [73.786962, 18.582472], [73.787158, 18.582136], [73.787309, 18.581925], [73.787475, 18.581538], [73.787263, 18.581187], [73.786788, 18.580403], [73.786484, 18.579916], [73.78681, 18.579648], [73.787355, 18.579167], [73.787913, 18.578671], [73.788401, 18.578166], [73.788849, 18.577752], [73.789092, 18.57766], [73.789386, 18.577552], [73.789511, 18.57747], [73.789703, 18.577467], [73.790696, 18.577425], [73.791647, 18.577271], [73.792563, 18.577126], [73.792384, 18.575353], [73.792444, 18.575285], [73.792509, 18.575081], [73.792649, 18.575001], [73.794736, 18.574881], [73.795601, 18.57483], [73.795541, 18.574652], [73.795267, 18.573255], [73.795115, 18.572516], [73.795124, 18.572442], [73.795285, 18.571834], [73.795331, 18.57164], [73.795348, 18.571121], [73.795346, 18.570196], [73.795342, 18.569564], [73.795413, 18.568494], [73.795457, 18.567855], [73.795468, 18.567628], [73.795573, 18.567467], [73.795876, 18.567282]]]}}, {"type": "Feature", "properties": {"name": "55, Zone D", "zone": "D", "wardnum": "55"}, "geometry": {"type": "Polygon", "coordinates": [[[73.807872, 18.602609], [73.80827, 18.602567], [73.808607, 18.602644], [73.808946, 18.602786], [73.809094, 18.602819], [73.809237, 18.602881], [73.8093, 18.601329], [73.80924, 18.600799], [73.809139, 18.600044], [73.808904, 18.598204], [73.808943, 18.598004], [73.809186, 18.597542], [73.80881, 18.594572], [73.807843, 18.59303], [73.806862, 18.59147], [73.805977, 18.591843], [73.805875, 18.5894], [73.80472, 18.5894], [73.803809, 18.589399], [73.803924, 18.58835], [73.80377, 18.588217], [73.801676, 18.588166], [73.801564, 18.58811], [73.801381, 18.587701], [73.801352, 18.587566], [73.801382, 18.587326], [73.801276, 18.587288], [73.800599, 18.587544], [73.799976, 18.587707], [73.800005, 18.588013], [73.80006, 18.589023], [73.799364, 18.589096], [73.799325, 18.588805], [73.798799, 18.588909], [73.798864, 18.58932], [73.79785, 18.589456], [73.796615, 18.589615], [73.796157, 18.589683], [73.795764, 18.589733], [73.795342, 18.589788], [73.79489, 18.589847], [73.793497, 18.590039], [73.79335, 18.590153], [73.792573, 18.590768], [73.791187, 18.591277], [73.789735, 18.591815], [73.789358, 18.591938], [73.788351, 18.592261], [73.788854, 18.59316], [73.78856, 18.593385], [73.78865, 18.593708], [73.78792, 18.593819], [73.787402, 18.593895], [73.787022, 18.59395], [73.787775, 18.594951], [73.788212, 18.595344], [73.788967, 18.596014], [73.789983, 18.596938], [73.790386, 18.597227], [73.790694, 18.597625], [73.790526, 18.597822], [73.790247, 18.597955], [73.790031, 18.598089], [73.789943, 18.598156], [73.790291, 18.5995], [73.791154, 18.603435], [73.789916, 18.603894], [73.7899, 18.603899], [73.787905, 18.604518], [73.787139, 18.604738], [73.787051, 18.605259], [73.786537, 18.606242], [73.786094, 18.606941], [73.786149, 18.607013], [73.786559, 18.606995], [73.786865, 18.606955], [73.786996, 18.608261], [73.78709, 18.609069], [73.787114, 18.609285], [73.787385, 18.609197], [73.787621, 18.609161], [73.788058, 18.608933], [73.788627, 18.608764], [73.788705, 18.608803], [73.789393, 18.608629], [73.789389, 18.608549], [73.789328, 18.60831], [73.789591, 18.607799], [73.789715, 18.607728], [73.789942, 18.607676], [73.790045, 18.607683], [73.79025, 18.607692], [73.790409, 18.607651], [73.790601, 18.607674], [73.790728, 18.607744], [73.79096, 18.607833], [73.791214, 18.60791], [73.791337, 18.607923], [73.79155, 18.60807], [73.791768, 18.608155], [73.792415, 18.608179], [73.792915, 18.608193], [73.793239, 18.608222], [73.793505, 18.608309], [73.793682, 18.608329], [73.79399, 18.608301], [73.794155, 18.608287], [73.794585, 18.60838], [73.794751, 18.608433], [73.795142, 18.608452], [73.7954, 18.608277], [73.795895, 18.608114], [73.796202, 18.607666], [73.79635, 18.607118], [73.796463, 18.606495], [73.796656, 18.605622], [73.79684, 18.604961], [73.797164, 18.604245], [73.797562, 18.60363], [73.798036, 18.603184], [73.798812, 18.602645], [73.799362, 18.602371], [73.799766, 18.602218], [73.800413, 18.602103], [73.801008, 18.602079], [73.801941, 18.602239], [73.803254, 18.602622], [73.804198, 18.602754], [73.804661, 18.602758], [73.805061, 18.602762], [73.805224, 18.602757], [73.805797, 18.602728], [73.806724, 18.602689], [73.807445, 18.602612], [73.807872, 18.602609]]]}}, {"type": "Feature", "properties": {"name": "56, Zone D", "zone": "D", "wardnum": "56"}, "geometry": {"type": "Polygon", "coordinates": [[[73.816138, 18.586001], [73.814233, 18.586338], [73.813277, 18.586585], [73.812843, 18.586698], [73.812254, 18.586887], [73.812518, 18.587626], [73.812787, 18.588398], [73.812822, 18.588564], [73.812842, 18.589294], [73.812861, 18.589356], [73.812932, 18.589426], [73.812923, 18.589779], [73.813129, 18.589783], [73.813134, 18.589694], [73.813912, 18.589903], [73.814131, 18.591097], [73.814581, 18.593684], [73.814818, 18.593762], [73.815106, 18.593664], [73.815383, 18.593636], [73.815998, 18.594133], [73.816093, 18.594227], [73.816212, 18.59518], [73.816087, 18.595355], [73.814838, 18.595302], [73.813712, 18.59532], [73.812244, 18.595421], [73.8121, 18.595542], [73.811948, 18.602117], [73.811902, 18.603823], [73.811938, 18.604318], [73.812467, 18.604524], [73.81263, 18.604795], [73.813619, 18.605015], [73.813957, 18.605165], [73.814348, 18.605111], [73.814818, 18.605151], [73.815521, 18.605104], [73.816214, 18.605137], [73.817926, 18.605109], [73.818047, 18.605109], [73.818734, 18.60511], [73.819852, 18.604861], [73.820331, 18.604581], [73.821024, 18.604129], [73.821632, 18.603085], [73.821432, 18.602505], [73.821204, 18.601954], [73.820692, 18.600937], [73.820275, 18.600374], [73.819468, 18.599411], [73.819127, 18.598979], [73.818928, 18.5986], [73.818671, 18.598246], [73.818459, 18.597893], [73.818337, 18.59755], [73.818201, 18.597318], [73.818216, 18.596995], [73.818255, 18.596675], [73.818356, 18.596414], [73.818353, 18.596206], [73.81849, 18.596016], [73.818503, 18.595828], [73.818501, 18.595676], [73.818633, 18.595377], [73.818904, 18.594935], [73.819223, 18.594659], [73.819381, 18.594602], [73.818985, 18.594023], [73.818959, 18.593674], [73.818954, 18.593355], [73.819204, 18.592773], [73.819166, 18.592557], [73.818523, 18.592048], [73.817992, 18.591693], [73.817467, 18.591323], [73.816988, 18.590987], [73.816138, 18.586001]]]}}, {"type": "Feature", "properties": {"name": "57, Zone D", "zone": "D", "wardnum": "57"}, "geometry": {"type": "Polygon", "coordinates": [[[73.811174, 18.582914], [73.811308, 18.583052], [73.81178, 18.584994], [73.812254, 18.586888], [73.812834, 18.5867], [73.81419, 18.586349], [73.816139, 18.585999], [73.816985, 18.590984], [73.817964, 18.591673], [73.818532, 18.592053], [73.819166, 18.592556], [73.819202, 18.592772], [73.818953, 18.593355], [73.81896, 18.593675], [73.818986, 18.594026], [73.819264, 18.594425], [73.819379, 18.594603], [73.81965, 18.594499], [73.820047, 18.594407], [73.820351, 18.594416], [73.820745, 18.594487], [73.821421, 18.594455], [73.822252, 18.594443], [73.823318, 18.594319], [73.82405, 18.594128], [73.824774, 18.593832], [73.82558, 18.593366], [73.826056, 18.592873], [73.826768, 18.591939], [73.827286, 18.591185], [73.828223, 18.589761], [73.828616, 18.589009], [73.828865, 18.588388], [73.828882, 18.588023], [73.828726, 18.587545], [73.828349, 18.586914], [73.827087, 18.585265], [73.826443, 18.584275], [73.826334, 18.583967], [73.826019, 18.583604], [73.825715, 18.582875], [73.825294, 18.581832], [73.824698, 18.581357], [73.823829, 18.581107], [73.822949, 18.580895], [73.822036, 18.580423], [73.821387, 18.580098], [73.821294, 18.580132], [73.82052, 18.580531], [73.819826, 18.580753], [73.818906, 18.580919], [73.818213, 18.581174], [73.817888, 18.581261], [73.816893, 18.581494], [73.815488, 18.5818], [73.812601, 18.582441], [73.811393, 18.582682], [73.810999, 18.58289], [73.811174, 18.582914]]]}}, {"type": "Feature", "properties": {"name": "58, Zone C_1", "zone": "C", "wardnum": "58_1"}, "geometry": {"type": "Polygon", "coordinates": [[[73.808949, 18.583507], [73.810848, 18.582935], [73.811381, 18.582703], [73.812254, 18.582527], [73.812791, 18.582404], [73.814531, 18.582018], [73.815048, 18.581907], [73.815526, 18.581791], [73.817194, 18.58143], [73.818161, 18.58119], [73.818881, 18.580932], [73.819774, 18.580769], [73.820505, 18.58055], [73.821318, 18.580132], [73.821166, 18.580008], [73.820545, 18.579673], [73.820387, 18.579331], [73.820203, 18.578695], [73.820029, 18.578367], [73.819956, 18.577936], [73.820059, 18.577726], [73.820243, 18.577601], [73.820441, 18.577449], [73.820753, 18.577327], [73.821204, 18.577031], [73.821075, 18.575926], [73.819741, 18.5761], [73.818611, 18.575907], [73.816964, 18.575497], [73.815367, 18.575352], [73.815352, 18.575613], [73.815511, 18.576268], [73.81564, 18.576672], [73.815754, 18.577469], [73.814876, 18.577579], [73.814029, 18.577641], [73.814007, 18.57747], [73.813874, 18.576316], [73.813216, 18.576406], [73.812904, 18.576627], [73.812703, 18.576913], [73.812452, 18.577265], [73.812036, 18.577845], [73.811743, 18.577909], [73.811625, 18.577451], [73.810876, 18.577717], [73.810411, 18.578056], [73.809828, 18.578535], [73.809316, 18.578954], [73.808935, 18.579265], [73.809235, 18.579647], [73.810721, 18.579436], [73.81077, 18.580788], [73.809211, 18.581014], [73.809178, 18.582327], [73.80911, 18.582467], [73.808995, 18.582506], [73.808781, 18.58267], [73.808747, 18.582978], [73.808786, 18.583419], [73.808949, 18.583507]]]}}, {"type": "Feature", "properties": {"name": "58, Zone C_2", "zone": "C", "wardnum": "58_2"}, "geometry": {"type": "Polygon", "coordinates": [[[73.808532, 18.575412], [73.808032, 18.573809], [73.806584, 18.573582], [73.806087, 18.574203], [73.805236, 18.575142], [73.804528, 18.575819], [73.802801, 18.577539], [73.805687, 18.58045], [73.808918, 18.578755], [73.809411, 18.578513], [73.81058, 18.576465], [73.808941, 18.576554], [73.808532, 18.575412]]]}}, {"type": "Feature", "properties": {"name": "59, Zone C", "zone": "C", "wardnum": "59"}, "geometry": {"type": "Polygon", "coordinates": [[[73.821942, 18.569841], [73.821978, 18.569656], [73.820365, 18.569615], [73.81691, 18.569206], [73.814072, 18.568604], [73.813226, 18.568426], [73.813153, 18.569849], [73.813069, 18.571569], [73.814253, 18.571659], [73.814601, 18.571687], [73.814961, 18.571719], [73.815818, 18.572086], [73.8162, 18.572189], [73.816885, 18.572165], [73.816916, 18.572644], [73.816899, 18.574695], [73.816963, 18.575497], [73.818621, 18.575909], [73.819751, 18.576097], [73.820913, 18.575944], [73.820905, 18.575887], [73.820982, 18.57575], [73.82106, 18.575686], [73.821189, 18.575418], [73.821236, 18.575302], [73.821279, 18.575103], [73.821257, 18.574476], [73.821219, 18.574172], [73.821366, 18.574115], [73.82188, 18.574114], [73.821931, 18.572601], [73.821928, 18.572234], [73.821937, 18.571853], [73.821876, 18.570381], [73.821858, 18.570242], [73.821942, 18.569841]]]}}, {"type": "Feature", "properties": {"name": "60, Zone C", "zone": "C", "wardnum": "60"}, "geometry": {"type": "Polygon", "coordinates": [[[73.831164, 18.57319], [73.831509, 18.573073], [73.831302, 18.572719], [73.830802, 18.571695], [73.830647, 18.571221], [73.830358, 18.570339], [73.829911, 18.569737], [73.829065, 18.568847], [73.827957, 18.568557], [73.826554, 18.568692], [73.826139, 18.568779], [73.824968, 18.569032], [73.823954, 18.569288], [73.822458, 18.569669], [73.821978, 18.569661], [73.821859, 18.570244], [73.821877, 18.570394], [73.8219, 18.570962], [73.821937, 18.571828], [73.82193, 18.572259], [73.821931, 18.572586], [73.821929, 18.572675], [73.821883, 18.574111], [73.821361, 18.574117], [73.82122, 18.574172], [73.82126, 18.57451], [73.821276, 18.575103], [73.821237, 18.575299], [73.821205, 18.575386], [73.82106, 18.575691], [73.820986, 18.575746], [73.820905, 18.575889], [73.820907, 18.575945], [73.821078, 18.575926], [73.821204, 18.577034], [73.821505, 18.576578], [73.821733, 18.576422], [73.822014, 18.576226], [73.822415, 18.575928], [73.822793, 18.575715], [73.823202, 18.575472], [73.823755, 18.575271], [73.824269, 18.575206], [73.824872, 18.575363], [73.82552, 18.575761], [73.826179, 18.576001], [73.827061, 18.576254], [73.827885, 18.576323], [73.828688, 18.576125], [73.829098, 18.575643], [73.829255, 18.575187], [73.829646, 18.574522], [73.830235, 18.573798], [73.830534, 18.573526], [73.831164, 18.57319]]]}}, {"type": "Feature", "properties": {"name": "61, Zone C", "zone": "C", "wardnum": "61"}, "geometry": {"type": "Polygon", "coordinates": [[[73.83292, 18.579975], [73.832968, 18.579602], [73.832983, 18.579236], [73.833017, 18.579093], [73.833012, 18.578722], [73.832963, 18.578601], [73.832934, 18.578223], [73.832939, 18.578041], [73.832989, 18.57799], [73.833293, 18.57796], [73.833261, 18.577654], [73.833257, 18.577202], [73.833265, 18.577032], [73.833292, 18.57658], [73.833282, 18.576294], [73.833346, 18.575511], [73.833385, 18.574801], [73.833445, 18.574575], [73.833449, 18.57449], [73.833268, 18.574358], [73.83229, 18.57392], [73.832107, 18.573778], [73.831772, 18.573637], [73.831333, 18.573707], [73.830961, 18.574007], [73.830601, 18.574403], [73.83019, 18.574811], [73.829937, 18.575138], [73.829836, 18.575377], [73.829895, 18.575685], [73.829832, 18.575967], [73.82945, 18.576307], [73.829131, 18.576515], [73.828779, 18.576708], [73.828029, 18.576814], [73.827348, 18.576725], [73.826393, 18.576514], [73.825536, 18.576255], [73.82437, 18.575652], [73.82354, 18.575866], [73.823073, 18.576186], [73.822309, 18.576637], [73.821161, 18.577396], [73.820685, 18.578022], [73.820595, 18.578139], [73.820595, 18.578296], [73.820868, 18.578757], [73.821036, 18.578951], [73.821155, 18.579132], [73.821204, 18.579419], [73.821336, 18.579611], [73.821557, 18.579753], [73.821635, 18.579808], [73.821765, 18.579907], [73.822502, 18.580243], [73.823092, 18.580426], [73.823665, 18.580592], [73.8246, 18.580905], [73.825228, 18.581029], [73.825487, 18.581165], [73.82558, 18.581293], [73.825841, 18.581834], [73.826001, 18.582157], [73.826191, 18.58259], [73.826744, 18.58248], [73.829752, 18.582181], [73.829913, 18.582018], [73.830133, 18.580538], [73.8302, 18.580054], [73.830279, 18.579545], [73.830367, 18.579276], [73.831242, 18.579454], [73.832148, 18.579687], [73.83292, 18.579975]]]}}, {"type": "Feature", "properties": {"name": "62, Zone C", "zone": "C", "wardnum": "62"}, "geometry": {"type": "Polygon", "coordinates": [[[73.829248, 18.587818], [73.829363, 18.588214], [73.829321, 18.588789], [73.829047, 18.589205], [73.829192, 18.589591], [73.829448, 18.589757], [73.82941, 18.589862], [73.828482, 18.592251], [73.827587, 18.594601], [73.826575, 18.597193], [73.824429, 18.602669], [73.824925, 18.602794], [73.825586, 18.603035], [73.82571, 18.60337], [73.825921, 18.603711], [73.826416, 18.604834], [73.826488, 18.60502], [73.826576, 18.605147], [73.826671, 18.605265], [73.826584, 18.605044], [73.827328, 18.604847], [73.826993, 18.603455], [73.827202, 18.60338], [73.827362, 18.602624], [73.828079, 18.602466], [73.827766, 18.600972], [73.827912, 18.600691], [73.828499, 18.599496], [73.829363, 18.599232], [73.829968, 18.599049], [73.829352, 18.597428], [73.830267, 18.597199], [73.830768, 18.595772], [73.83114, 18.594711], [73.832532, 18.594305], [73.832273, 18.5933], [73.831712, 18.592537], [73.832311, 18.591042], [73.831518, 18.590685], [73.831856, 18.58996], [73.832729, 18.588044], [73.833646, 18.587492], [73.833724, 18.587308], [73.833913, 18.586827], [73.833798, 18.586645], [73.8334, 18.586445], [73.833186, 18.586355], [73.833852, 18.583623], [73.834074, 18.58273], [73.834694, 18.580159], [73.834503, 18.580164], [73.833754, 18.580153], [73.833361, 18.580113], [73.832919, 18.579972], [73.83215, 18.579689], [73.831336, 18.579475], [73.83052, 18.579309], [73.830369, 18.579275], [73.830277, 18.579546], [73.829912, 18.582019], [73.829752, 18.582182], [73.828429, 18.582304], [73.826665, 18.582485], [73.826124, 18.582578], [73.826312, 18.583262], [73.827972, 18.585703], [73.828744, 18.586593], [73.828865, 18.586889], [73.82907, 18.587479], [73.829099, 18.587597], [73.829248, 18.587818]]]}}, {"type": "Feature", "properties": {"name": "63, Zone C", "zone": "C", "wardnum": "63"}, "geometry": {"type": "Polygon", "coordinates": [[[73.82201, 18.607223], [73.822329, 18.60698], [73.823011, 18.608146], [73.825172, 18.607635], [73.825305, 18.607414], [73.825673, 18.606842], [73.82597, 18.606398], [73.826082, 18.606138], [73.826657, 18.605284], [73.826465, 18.605001], [73.826298, 18.604561], [73.825914, 18.603703], [73.825707, 18.603391], [73.825583, 18.603029], [73.824987, 18.602808], [73.824429, 18.60266], [73.826927, 18.596287], [73.829446, 18.589768], [73.829188, 18.589588], [73.829053, 18.589229], [73.828632, 18.589833], [73.827437, 18.591593], [73.826236, 18.593302], [73.82458, 18.594337], [73.823118, 18.594734], [73.822719, 18.594833], [73.821567, 18.594906], [73.820697, 18.594716], [73.820029, 18.594723], [73.819543, 18.594934], [73.819211, 18.595287], [73.818687, 18.59637], [73.81858, 18.596988], [73.818761, 18.597713], [73.819219, 18.598478], [73.819591, 18.599018], [73.819812, 18.59942], [73.820291, 18.599602], [73.820441, 18.599939], [73.820794, 18.60029], [73.821232, 18.600946], [73.821344, 18.60138], [73.821557, 18.601577], [73.821441, 18.601778], [73.821547, 18.601978], [73.821726, 18.602381], [73.821821, 18.603042], [73.821433, 18.603974], [73.820664, 18.604658], [73.820002, 18.605092], [73.819748, 18.605154], [73.819209, 18.605245], [73.817633, 18.605322], [73.816378, 18.605345], [73.815955, 18.605349], [73.816048, 18.605674], [73.816132, 18.605888], [73.816321, 18.606304], [73.816311, 18.606837], [73.816349, 18.606901], [73.816316, 18.606988], [73.816277, 18.607035], [73.816285, 18.607149], [73.816425, 18.607748], [73.816385, 18.607859], [73.816162, 18.608199], [73.816037, 18.6084], [73.816027, 18.608525], [73.816045, 18.60868], [73.816107, 18.608725], [73.816553, 18.608823], [73.816976, 18.608878], [73.817009, 18.608884], [73.817065, 18.608868], [73.817123, 18.608876], [73.817843, 18.608776], [73.818015, 18.608887], [73.818088, 18.609009], [73.818253, 18.60939], [73.81831, 18.60956], [73.818151, 18.60949], [73.81803, 18.609334], [73.817962, 18.609267], [73.817962, 18.609584], [73.817907, 18.609735], [73.817907, 18.609818], [73.818072, 18.609791], [73.81816, 18.609749], [73.818271, 18.609802], [73.81828, 18.609854], [73.818321, 18.609842], [73.818351, 18.609869], [73.818334, 18.609935], [73.818297, 18.610034], [73.81819, 18.61016], [73.817976, 18.610413], [73.817708, 18.610644], [73.817599, 18.610834], [73.817531, 18.611056], [73.817543, 18.611185], [73.817611, 18.611312], [73.817705, 18.611454], [73.817787, 18.611647], [73.817662, 18.611853], [73.81744, 18.612293], [73.817441, 18.612303], [73.817542, 18.612438], [73.818345, 18.611501], [73.82201, 18.607223]]]}}, {"type": "Feature", "properties": {"name": "64, Zone C_1", "zone": "C", "wardnum": "64_1"}, "geometry": {"type": "Polygon", "coordinates": [[[73.832923, 18.57997], [73.833076, 18.580015], [73.833367, 18.580121], [73.833763, 18.580153], [73.83439, 18.580164], [73.834691, 18.580161], [73.835298, 18.5778], [73.83596, 18.575924], [73.835563, 18.575752], [73.835027, 18.575545], [73.834151, 18.574974], [73.833536, 18.574544], [73.833454, 18.57449], [73.833448, 18.574554], [73.833391, 18.574798], [73.833356, 18.575404], [73.833321, 18.575859], [73.833275, 18.576385], [73.833286, 18.576673], [73.833249, 18.577218], [73.833265, 18.577644], [73.833291, 18.577952], [73.833003, 18.57799], [73.832943, 18.578033], [73.832932, 18.578209], [73.832943, 18.578322], [73.832967, 18.578589], [73.833019, 18.578725], [73.83302, 18.579088], [73.832983, 18.579266], [73.832923, 18.57997]]]}}, {"type": "Feature", "properties": {"name": "64, Zone C_2", "zone": "C", "wardnum": "64_2"}, "geometry": {"type": "Polygon", "coordinates": [[[73.862249, 18.595825], [73.862342, 18.595911], [73.862448, 18.596025], [73.861175, 18.597634], [73.861044, 18.598166], [73.861243, 18.599708], [73.861209, 18.599796], [73.86083, 18.600643], [73.860816, 18.601599], [73.86313, 18.601649], [73.865314, 18.601263], [73.866584, 18.60098], [73.867848, 18.600541], [73.865135, 18.595772], [73.864468, 18.594593], [73.864306, 18.594338], [73.8637, 18.591672], [73.862943, 18.589539], [73.862833, 18.588193], [73.862698, 18.587799], [73.862601, 18.587758], [73.862475, 18.587695], [73.862305, 18.587709], [73.860777, 18.587863], [73.860206, 18.587753], [73.859806, 18.587295], [73.859956, 18.587031], [73.860047, 18.586907], [73.86017, 18.586631], [73.860241, 18.586443], [73.860371, 18.586201], [73.860387, 18.58611], [73.860421, 18.585878], [73.860487, 18.585503], [73.860524, 18.584941], [73.860606, 18.584708], [73.860643, 18.58461], [73.860729, 18.584373], [73.860491, 18.584307], [73.859637, 18.584112], [73.858671, 18.583875], [73.858153, 18.58391], [73.857748, 18.583926], [73.857583, 18.583935], [73.857246, 18.583824], [73.85689, 18.583666], [73.856869, 18.583654], [73.856836, 18.583638], [73.856772, 18.583606], [73.856317, 18.583388], [73.855763, 18.583151], [73.855686, 18.583048], [73.855479, 18.582824], [73.855143, 18.582719], [73.854949, 18.582578], [73.854865, 18.582559], [73.854701, 18.582526], [73.854518, 18.582484], [73.85434, 18.582492], [73.854162, 18.582494], [73.85381, 18.582494], [73.853213, 18.582519], [73.852954, 18.582559], [73.853046, 18.583425], [73.853088, 18.58383], [73.853098, 18.583921], [73.852904, 18.585183], [73.852834, 18.585495], [73.852938, 18.585765], [73.853242, 18.585848], [73.853637, 18.585963], [73.853908, 18.586488], [73.854955, 18.587255], [73.856159, 18.587379], [73.857338, 18.587474], [73.858557, 18.587582], [73.858768, 18.587601], [73.858859, 18.587622], [73.859286, 18.587792], [73.859397, 18.587832], [73.860214, 18.587973], [73.860233, 18.588262], [73.860242, 18.588558], [73.860246, 18.588861], [73.860166, 18.58925], [73.860026, 18.589406], [73.86019, 18.589821], [73.860175, 18.590052], [73.860028, 18.590164], [73.859983, 18.590425], [73.859942, 18.590589], [73.85999, 18.590787], [73.859934, 18.591246], [73.859876, 18.591446], [73.859908, 18.59153], [73.860007, 18.591797], [73.860126, 18.592087], [73.8603, 18.592343], [73.860577, 18.592775], [73.86069, 18.592931], [73.860831, 18.593205], [73.860985, 18.593532], [73.861259, 18.593961], [73.8616, 18.594727], [73.861848, 18.595281], [73.862221, 18.595772], [73.862249, 18.595825]]]}}]}